Month,DATE,SID.TIME,SUN,SUN_P,MOON,MOON_P,MERCURY,MERCURY_P,VENUS,VENUS_P,MARS,MARS_P,JUPITER,JUPITER_P,SATURN,SATURN_P,URANUS,URANUS_P,NEPTUNE,NEPTUNE_P,PLUTO,PLUTO_P,NODE,NODE_P
Jan,1,6:41:27,10 15,CP,12 22,SC,23 51,SG,23 30,SC,29 56,PI,11 46,SG,11 23,CP,28 37,AR,14 05,PI,20 36,CP,27 34,CN
Jan,2,6:45:23,11 16,CP,25 14,SC,25 19,SG,24 29,SC,00 36,AR,11 59,SG,11 30,CP,28 37,AR,14 06,PI,20 38,CP,27 31,CN
Jan,3,6:49:20,12 18,CP,07 53,SG,26 48,SG,25 28,SC,01 17,AR,12 11,SG,11 37,CP,28 36,AR,14 08,PI,20 40,CP,27 28,CN
Jan,4,6:53:16,13 19,CP,20 19,SG,28 17,SG,26 28,SC,01 57,AR,12 24,SG,11 44,CP,28 36,AR,14 09,PI,20 42,CP,27 24,CN
Jan,5,6:57:13,14 20,CP,02 34,CP,29 46,SG,27 29,SC,02 38,AR,12 36,SG,11 51,CP,28 36,AR,14 10,PI,20 44,CP,27 21,CN
Jan,6,7:01:09,15 21,CP,14 40,CP,01 16,CP,28 30,SC,03 18,AR,12 49,SG,11 58,CP,28 36,AR,14 12,PI,20 46,CP,27 18,CN
Jan,7,7:05:06,16 22,CP,26 38,CP,02 47,CP,29 31,SC,03 58,AR,13 01,SG,12 05,CP,28 36,AR,14 13,PI,20 48,CP,27 15,CN
Jan,8,7:09:02,17 24,CP,08 30,AQ,04 18,CP,00 33,SG,04 39,AR,13 13,SG,12 12,CP,28 36,AR,14 14,PI,20 50,CP,27 12,CN
Jan,9,7:12:59,18 25,CP,20 18,AQ,05 49,CP,01 35,SG,05 19,AR,13 25,SG,12 19,CP,28 36,AR,14 16,PI,20 52,CP,27 09,CN
Jan,10,7:16:56,19 26,CP,02 05,PI,07 21,CP,02 37,SG,05 60,AR,13 37,SG,12 26,CP,28 36,AR,14 17,PI,20 54,CP,27 05,CN
Jan,11,7:20:52,20 27,CP,13 55,PI,08 53,CP,03 40,SG,06 40,AR,13 50,SG,12 33,CP,28 36,AR,14 19,PI,20 56,CP,27 02,CN
Jan,12,7:24:49,21 28,CP,25 50,PI,10 26,CP,04 43,SG,07 21,AR,14 02,SG,12 41,CP,28 37,AR,14 20,PI,20 58,CP,26 59,CN
Jan,13,7:28:45,22 29,CP,07 55,AR,11 59,CP,05 46,SG,08 02,AR,14 13,SG,12 48,CP,28 37,AR,14 22,PI,20 60,CP,26 56,CN
Jan,14,7:32:42,23 31,CP,20 16,AR,13 32,CP,06 50,SG,08 42,AR,14 25,SG,12 55,CP,28 37,AR,14 24,PI,21 02,CP,26 53,CN
Jan,15,7:36:38,24 32,CP,02 55,TA,15 06,CP,07 54,SG,09 23,AR,14 37,SG,13 02,CP,28 38,AR,14 25,PI,21 04,CP,26 50,CN
Jan,16,7:40:35,25 33,CP,15 57,TA,16 41,CP,08 58,SG,10 03,AR,14 49,SG,13 09,CP,28 38,AR,14 27,PI,21 06,CP,26 46,CN
Jan,17,7:44:31,26 34,CP,29 25,TA,18 16,CP,10 03,SG,10 44,AR,15 01,SG,13 16,CP,28 39,AR,14 28,PI,21 08,CP,26 43,CN
Jan,18,7:48:28,27 35,CP,13 21,GE,19 51,CP,11 08,SG,11 25,AR,15 12,SG,13 22,CP,28 39,AR,14 30,PI,21 10,CP,26 40,CN
Jan,19,7:52:25,28 36,CP,27 43,GE,21 27,CP,12 13,SG,12 05,AR,15 24,SG,13 29,CP,28 40,AR,14 32,PI,21 12,CP,26 37,CN
Jan,20,7:56:21,29 37,CP,12 29,CN,23 04,CP,13 18,SG,12 46,AR,15 35,SG,13 36,CP,28 40,AR,14 33,PI,21 14,CP,26 34,CN
Jan,21,8:00:18,00 38,AQ,27 31,CN,24 41,CP,14 24,SG,13 27,AR,15 47,SG,13 43,CP,28 41,AR,14 35,PI,21 16,CP,26 30,CN
Jan,22,8:04:14,01 39,AQ,12 42,LE,26 19,CP,15 29,SG,14 07,AR,15 58,SG,13 50,CP,28 42,AR,14 37,PI,21 18,CP,26 27,CN
Jan,23,8:08:11,02 40,AQ,27 52,LE,27 57,CP,16 36,SG,14 48,AR,16 09,SG,13 57,CP,28 43,AR,14 39,PI,21 20,CP,26 24,CN
Jan,24,8:12:07,03 41,AQ,12 52,VI,29 36,CP,17 42,SG,15 28,AR,16 20,SG,14 04,CP,28 44,AR,14 41,PI,21 22,CP,26 21,CN
Jan,25,8:16:04,04 42,AQ,27 33,VI,01 15,AQ,18 48,SG,16 09,AR,16 31,SG,14 11,CP,28 44,AR,14 42,PI,21 24,CP,26 18,CN
Jan,26,8:20:00,05 43,AQ,11 51,LI,02 55,AQ,19 55,SG,16 50,AR,16 42,SG,14 17,CP,28 45,AR,14 44,PI,21 26,CP,26 15,CN
Jan,27,8:23:57,06 44,AQ,25 44,LI,04 36,AQ,21 02,SG,17 30,AR,16 53,SG,14 24,CP,28 46,AR,14 46,PI,21 28,CP,26 11,CN
Jan,28,8:27:54,07 45,AQ,09 11,SC,06 17,AQ,22 09,SG,18 11,AR,17 04,SG,14 31,CP,28 48,AR,14 48,PI,21 30,CP,26 08,CN
Jan,29,8:31:50,08 46,AQ,22 15,SC,07 59,AQ,23 17,SG,18 52,AR,17 15,SG,14 38,CP,28 49,AR,14 50,PI,21 32,CP,26 05,CN
Jan,30,8:35:47,09 47,AQ,04 58,SG,09 42,AQ,24 24,SG,19 32,AR,17 25,SG,14 44,CP,28 50,AR,14 52,PI,21 34,CP,26 02,CN
Jan,31,8:39:43,10 48,AQ,17 23,SG,11 25,AQ,25 32,SG,20 13,AR,17 36,SG,14 51,CP,28 51,AR,14 54,PI,21 36,CP,25 59,CN
Feb,1,8:43:40,11 49,AQ,29 36,SG,13 09,AQ,26 40,SG,20 54,AR,17 46,SG,14 57,CP,28 52,AR,14 56,PI,21 38,CP,25 55,CN
Feb,2,8:47:36,12 50,AQ,11 38,CP,14 54,AQ,27 48,SG,21 34,AR,17 56,SG,15 04,CP,28 54,AR,14 58,PI,21 40,CP,25 52,CN
Feb,3,8:51:33,13 51,AQ,23 33,CP,16 39,AQ,28 56,SG,22 15,AR,18 07,SG,15 11,CP,28 55,AR,14 60,PI,21 42,CP,25 49,CN
Feb,4,8:55:29,14 52,AQ,05 23,AQ,18 25,AQ,00 04,CP,22 56,AR,18 17,SG,15 17,CP,28 56,AR,15 02,PI,21 43,CP,25 46,CN
Feb,5,8:59:26,15 53,AQ,17 11,AQ,20 12,AQ,01 13,CP,23 36,AR,18 27,SG,15 24,CP,28 58,AR,15 04,PI,21 45,CP,25 43,CN
Feb,6,9:03:23,16 53,AQ,28 59,AQ,21 59,AQ,02 21,CP,24 17,AR,18 37,SG,15 30,CP,28 59,AR,15 06,PI,21 47,CP,25 40,CN
Feb,7,9:07:19,17 54,AQ,10 49,PI,23 46,AQ,03 30,CP,24 57,AR,18 47,SG,15 36,CP,29 01,AR,15 08,PI,21 49,CP,25 36,CN
Feb,8,9:11:16,18 55,AQ,22 43,PI,25 34,AQ,04 39,CP,25 38,AR,18 56,SG,15 43,CP,29 03,AR,15 10,PI,21 51,CP,25 33,CN
Feb,9,9:15:12,19 56,AQ,04 43,AR,27 22,AQ,05 48,CP,26 19,AR,19 06,SG,15 49,CP,29 04,AR,15 12,PI,21 53,CP,25 30,CN
Feb,10,9:19:09,20 57,AQ,16 52,AR,29 11,AQ,06 57,CP,26 59,AR,19 15,SG,15 55,CP,29 06,AR,15 14,PI,21 55,CP,25 27,CN
Feb,11,9:23:05,21 57,AQ,29 13,AR,00 59,PI,08 06,CP,27 40,AR,19 25,SG,16 01,CP,29 08,AR,15 16,PI,21 56,CP,25 24,CN
Feb,12,9:27:02,22 58,AQ,11 50,TA,02 48,PI,09 16,CP,28 20,AR,19 34,SG,16 08,CP,29 09,AR,15 19,PI,21 58,CP,25 21,CN
Feb,13,9:30:58,23 59,AQ,24 45,TA,04 36,PI,10 25,CP,29 01,AR,19 43,SG,16 14,CP,29 11,AR,15 21,PI,21 60,CP,25 17,CN
Feb,14,9:34:55,24 59,AQ,08 03,GE,06 24,PI,11 35,CP,29 42,AR,19 52,SG,16 20,CP,29 13,AR,15 23,PI,22 02,CP,25 14,CN
Feb,15,9:38:52,26 00,AQ,21 46,GE,08 12,PI,12 45,CP,00 22,TA,20 01,SG,16 26,CP,29 15,AR,15 25,PI,22 04,CP,25 11,CN
Feb,16,9:42:48,27 01,AQ,05 55,CN,09 58,PI,13 54,CP,01 03,TA,20 10,SG,16 32,CP,29 17,AR,15 27,PI,22 05,CP,25 08,CN
Feb,17,9:46:45,28 01,AQ,20 29,CN,11 43,PI,15 04,CP,01 43,TA,20 18,SG,16 38,CP,29 19,AR,15 29,PI,22 07,CP,25 05,CN
Feb,18,9:50:41,29 02,AQ,05 24,LE,13 26,PI,16 14,CP,02 24,TA,20 27,SG,16 44,CP,29 21,AR,15 32,PI,22 09,CP,25 01,CN
Feb,19,9:54:38,00 02,PI,20 35,LE,15 07,PI,17 24,CP,03 04,TA,20 35,SG,16 49,CP,29 23,AR,15 34,PI,22 10,CP,24 58,CN
Feb,20,9:58:34,01 03,PI,05 51,VI,16 45,PI,18 35,CP,03 45,TA,20 44,SG,16 55,CP,29 25,AR,15 36,PI,22 12,CP,24 55,CN
Feb,21,10:02:31,02 03,PI,21 03,VI,18 20,PI,19 45,CP,04 25,TA,20 52,SG,17 01,CP,29 27,AR,15 38,PI,22 14,CP,24 52,CN
Feb,22,10:06:27,03 04,PI,05 60,LI,19 51,PI,20 55,CP,05 06,TA,20 60,SG,17 07,CP,29 30,AR,15 40,PI,22 15,CP,24 49,CN
Feb,23,10:10:24,04 04,PI,20 34,LI,21 18,PI,22 06,CP,05 46,TA,21 08,SG,17 12,CP,29 32,AR,15 43,PI,22 17,CP,24 46,CN
Feb,24,10:14:21,05 04,PI,04 40,SC,22 40,PI,23 16,CP,06 26,TA,21 16,SG,17 18,CP,29 34,AR,15 45,PI,22 19,CP,24 42,CN
Feb,25,10:18:17,06 05,PI,18 17,SC,23 57,PI,24 27,CP,07 07,TA,21 23,SG,17 23,CP,29 36,AR,15 47,PI,22 20,CP,24 39,CN
Feb,26,10:22:14,07 05,PI,01 26,SG,25 07,PI,25 38,CP,07 47,TA,21 31,SG,17 29,CP,29 39,AR,15 49,PI,22 22,CP,24 36,CN
Feb,27,10:26:10,08 06,PI,14 09,SG,26 10,PI,26 49,CP,08 28,TA,21 38,SG,17 34,CP,29 41,AR,15 52,PI,22 23,CP,24 33,CN
Feb,28,10:30:07,09 06,PI,26 32,SG,27 06,PI,27 59,CP,09 08,TA,21 45,SG,17 39,CP,29 44,AR,15 54,PI,22 25,CP,24 30,CN
Mar,1,10:34:03,10 06,PI,08 39,CP,27 54,PI,29 10,CP,09 48,TA,21 52,SG,17 44,CP,29 46,AR,15 56,PI,22 26,CP,24 27,CN
Mar,2,10:38:00,11 06,PI,20 35,CP,28 33,PI,00 21,AQ,10 29,TA,21 59,SG,17 50,CP,29 49,AR,15 58,PI,22 28,CP,24 23,CN
Mar,3,10:41:56,12 07,PI,02 24,AQ,29 03,PI,01 32,AQ,11 09,TA,22 06,SG,17 55,CP,29 51,AR,16 01,PI,22 29,CP,24 20,CN
Mar,4,10:45:53,13 07,PI,14 10,AQ,29 24,PI,02 44,AQ,11 49,TA,22 13,SG,17 60,CP,29 54,AR,16 03,PI,22 31,CP,24 17,CN
Mar,5,10:49:50,14 07,PI,25 58,AQ,29 36,PI,03 55,AQ,12 29,TA,22 19,SG,18 05,CP,29 56,AR,16 05,PI,22 32,CP,24 14,CN
Mar,6,10:53:46,15 07,PI,07 48,PI,29 39,PI,05 06,AQ,13 10,TA,22 25,SG,18 10,CP,29 59,AR,16 08,PI,22 33,CP,24 11,CN
Mar,7,10:57:43,16 07,PI,19 44,PI,29 32,PI,06 17,AQ,13 50,TA,22 32,SG,18 14,CP,00 02,TA,16 10,PI,22 35,CP,24 07,CN
Mar,8,11:01:39,17 07,PI,01 47,AR,29 16,PI,07 29,AQ,14 30,TA,22 38,SG,18 19,CP,00 04,TA,16 12,PI,22 36,CP,24 04,CN
Mar,9,11:05:36,18 07,PI,13 57,AR,28 52,PI,08 40,AQ,15 10,TA,22 43,SG,18 24,CP,00 07,TA,16 14,PI,22 37,CP,24 01,CN
Mar,10,11:09:32,19 07,PI,26 17,AR,28 20,PI,09 52,AQ,15 51,TA,22 49,SG,18 29,CP,00 10,TA,16 17,PI,22 39,CP,23 58,CN
Mar,11,11:13:29,20 07,PI,08 47,TA,27 41,PI,11 03,AQ,16 31,TA,22 55,SG,18 33,CP,00 13,TA,16 19,PI,22 40,CP,23 55,CN
Mar,12,11:17:25,21 07,PI,21 30,TA,26 56,PI,12 15,AQ,17 11,TA,23 00,SG,18 38,CP,00 15,TA,16 21,PI,22 41,CP,23 52,CN
Mar,13,11:21:22,22 07,PI,04 27,GE,26 06,PI,13 26,AQ,17 51,TA,23 05,SG,18 42,CP,00 18,TA,16 24,PI,22 42,CP,23 48,CN
Mar,14,11:25:19,23 07,PI,17 41,GE,25 12,PI,14 38,AQ,18 31,TA,23 10,SG,18 46,CP,00 21,TA,16 26,PI,22 44,CP,23 45,CN
Mar,15,11:29:15,24 07,PI,01 14,CN,24 16,PI,15 50,AQ,19 11,TA,23 15,SG,18 51,CP,00 24,TA,16 28,PI,22 45,CP,23 42,CN
Mar,16,11:33:12,25 07,PI,15 09,CN,23 18,PI,17 01,AQ,19 51,TA,23 20,SG,18 55,CP,00 27,TA,16 30,PI,22 46,CP,23 39,CN
Mar,17,11:37:08,26 06,PI,29 25,CN,22 21,PI,18 13,AQ,20 31,TA,23 25,SG,18 59,CP,00 30,TA,16 33,PI,22 47,CP,23 36,CN
Mar,18,11:41:05,27 06,PI,14 02,LE,21 25,PI,19 25,AQ,21 11,TA,23 29,SG,19 03,CP,00 33,TA,16 35,PI,22 48,CP,23 33,CN
Mar,19,11:45:01,28 06,PI,28 56,LE,20 31,PI,20 37,AQ,21 51,TA,23 33,SG,19 07,CP,00 36,TA,16 37,PI,22 49,CP,23 29,CN
Mar,20,11:48:58,29 05,PI,13 60,VI,19 41,PI,21 49,AQ,22 31,TA,23 37,SG,19 11,CP,00 39,TA,16 39,PI,22 50,CP,23 26,CN
Mar,21,11:52:54,00 05,AR,29 04,VI,18 55,PI,23 01,AQ,23 11,TA,23 41,SG,19 14,CP,00 42,TA,16 42,PI,22 51,CP,23 23,CN
Mar,22,11:56:51,01 05,AR,13 60,LI,18 14,PI,24 12,AQ,23 51,TA,23 45,SG,19 18,CP,00 45,TA,16 44,PI,22 52,CP,23 20,CN
Mar,23,12:00:48,02 04,AR,28 37,LI,17 38,PI,25 24,AQ,24 31,TA,23 48,SG,19 22,CP,00 48,TA,16 46,PI,22 53,CP,23 17,CN
Mar,24,12:04:44,03 04,AR,12 50,SC,17 08,PI,26 36,AQ,25 11,TA,23 52,SG,19 25,CP,00 51,TA,16 48,PI,22 54,CP,23 13,CN
Mar,25,12:08:41,04 03,AR,26 34,SC,16 44,PI,27 49,AQ,25 51,TA,23 55,SG,19 29,CP,00 55,TA,16 50,PI,22 55,CP,23 10,CN
Mar,26,12:12:37,05 03,AR,09 50,SG,16 25,PI,29 01,AQ,26 31,TA,23 58,SG,19 32,CP,00 58,TA,16 53,PI,22 56,CP,23 07,CN
Mar,27,12:16:34,06 02,AR,22 38,SG,16 13,PI,00 13,PI,27 11,TA,24 01,SG,19 35,CP,01 01,TA,16 55,PI,22 57,CP,23 04,CN
Mar,28,12:20:30,07 01,AR,05 04,CP,16 07,PI,01 25,PI,27 50,TA,24 03,SG,19 38,CP,01 04,TA,16 57,PI,22 58,CP,23 01,CN
Mar,29,12:24:27,08 01,AR,17 12,CP,16 06,PI,02 37,PI,28 30,TA,24 06,SG,19 41,CP,01 07,TA,16 59,PI,22 58,CP,22 58,CN
Mar,30,12:28:23,09 00,AR,29 07,CP,16 11,PI,03 49,PI,29 10,TA,24 08,SG,19 44,CP,01 11,TA,17 01,PI,22 59,CP,22 54,CN
Mar,31,12:32:20,09 59,AR,10 56,AQ,16 22,PI,05 02,PI,29 50,TA,24 10,SG,19 47,CP,01 14,TA,17 03,PI,23 00,CP,22 51,CN
Apr,1,12:36:17,10 59,AR,22 43,AQ,16 38,PI,06 14,PI,00 29,GE,24 12,SG,19 50,CP,01 17,TA,17 06,PI,23 01,CP,22 48,CN
Apr,2,12:40:13,11 58,AR,04 32,PI,16 59,PI,07 26,PI,01 09,GE,24 14,SG,19 53,CP,01 20,TA,17 08,PI,23 01,CP,22 45,CN
Apr,3,12:44:10,12 57,AR,16 27,PI,17 24,PI,08 39,PI,01 49,GE,24 15,SG,19 56,CP,01 24,TA,17 10,PI,23 02,CP,22 42,CN
Apr,4,12:48:06,13 56,AR,28 30,PI,17 54,PI,09 51,PI,02 28,GE,24 17,SG,19 58,CP,01 27,TA,17 12,PI,23 03,CP,22 38,CN
Apr,5,12:52:03,14 55,AR,10 44,AR,18 28,PI,11 03,PI,03 08,GE,24 18,SG,20 01,CP,01 30,TA,17 14,PI,23 03,CP,22 35,CN
Apr,6,12:55:59,15 54,AR,23 08,AR,19 07,PI,12 16,PI,03 48,GE,24 19,SG,20 03,CP,01 34,TA,17 16,PI,23 04,CP,22 32,CN
Apr,7,12:59:56,16 54,AR,05 44,TA,19 49,PI,13 28,PI,04 27,GE,24 20,SG,20 05,CP,01 37,TA,17 18,PI,23 04,CP,22 29,CN
Apr,8,13:03:52,17 53,AR,18 31,TA,20 34,PI,14 41,PI,05 07,GE,24 20,SG,20 07,CP,01 40,TA,17 20,PI,23 05,CP,22 26,CN
Apr,9,13:07:49,18 52,AR,01 29,GE,21 24,PI,15 53,PI,05 46,GE,24 21,SG,20 10,CP,01 44,TA,17 22,PI,23 05,CP,22 23,CN
Apr,10,13:11:46,19 51,AR,14 39,GE,22 16,PI,17 06,PI,06 26,GE,24 21,SG,20 12,CP,01 47,TA,17 24,PI,23 06,CP,22 19,CN
Apr,11,13:15:42,20 50,AR,28 01,GE,23 12,PI,18 18,PI,07 06,GE,24 21,SG,20 13,CP,01 51,TA,17 26,PI,23 06,CP,22 16,CN
Apr,12,13:19:39,21 48,AR,11 36,CN,24 10,PI,19 31,PI,07 45,GE,24 21,SG,20 15,CP,01 54,TA,17 28,PI,23 07,CP,22 13,CN
Apr,13,13:23:35,22 47,AR,25 25,CN,25 11,PI,20 43,PI,08 24,GE,24 21,SG,20 17,CP,01 57,TA,17 30,PI,23 07,CP,22 10,CN
Apr,14,13:27:32,23 46,AR,09 30,LE,26 15,PI,21 56,PI,09 04,GE,24 20,SG,20 19,CP,02 01,TA,17 32,PI,23 07,CP,22 07,CN
Apr,15,13:31:28,24 45,AR,23 49,LE,27 22,PI,23 08,PI,09 43,GE,24 19,SG,20 20,CP,02 04,TA,17 34,PI,23 08,CP,22 04,CN
Apr,16,13:35:25,25 44,AR,08 21,VI,28 30,PI,24 21,PI,10 23,GE,24 18,SG,20 22,CP,02 08,TA,17 36,PI,23 08,CP,22 00,CN
Apr,17,13:39:21,26 42,AR,23 01,VI,29 42,PI,25 33,PI,11 02,GE,24 17,SG,20 23,CP,02 11,TA,17 38,PI,23 08,CP,21 57,CN
Apr,18,13:43:18,27 41,AR,07 44,LI,00 55,AR,26 46,PI,11 41,GE,24 16,SG,20 24,CP,02 14,TA,17 39,PI,23 08,CP,21 54,CN
Apr,19,13:47:15,28 40,AR,22 21,LI,02 11,AR,27 58,PI,12 21,GE,24 15,SG,20 25,CP,02 18,TA,17 41,PI,23 09,CP,21 51,CN
Apr,20,13:51:11,29 38,AR,06 45,SC,03 29,AR,29 11,PI,13 00,GE,24 13,SG,20 26,CP,02 21,TA,17 43,PI,23 09,CP,21 48,CN
Apr,21,13:55:08,00 37,TA,20 50,SC,04 49,AR,00 24,AR,13 39,GE,24 11,SG,20 27,CP,02 25,TA,17 45,PI,23 09,CP,21 44,CN
Apr,22,13:59:04,01 35,TA,04 31,SG,06 11,AR,01 36,AR,14 19,GE,24 09,SG,20 28,CP,02 28,TA,17 47,PI,23 09,CP,21 41,CN
Apr,23,14:03:01,02 34,TA,17 46,SG,07 35,AR,02 49,AR,14 58,GE,24 07,SG,20 29,CP,02 32,TA,17 48,PI,23 09,CP,21 38,CN
Apr,24,14:06:57,03 32,TA,00 36,CP,09 01,AR,04 02,AR,15 37,GE,24 05,SG,20 29,CP,02 35,TA,17 50,PI,23 09,CP,21 35,CN
Apr,25,14:10:54,04 31,TA,13 05,CP,10 28,AR,05 14,AR,16 16,GE,24 02,SG,20 30,CP,02 39,TA,17 52,PI,23 09,CP,21 32,CN
Apr,26,14:14:50,05 29,TA,25 15,CP,11 58,AR,06 27,AR,16 55,GE,23 59,SG,20 30,CP,02 42,TA,17 54,PI,23 09,CP,21 29,CN
Apr,27,14:18:47,06 28,TA,07 13,AQ,13 30,AR,07 40,AR,17 35,GE,23 56,SG,20 31,CP,02 45,TA,17 55,PI,23 09,CP,21 25,CN
Apr,28,14:22:44,07 26,TA,19 04,AQ,15 03,AR,08 52,AR,18 14,GE,23 53,SG,20 31,CP,02 49,TA,17 57,PI,23 09,CP,21 22,CN
Apr,29,14:26:40,08 24,TA,00 53,PI,16 38,AR,10 05,AR,18 53,GE,23 50,SG,20 31,CP,02 52,TA,17 59,PI,23 09,CP,21 19,CN
Apr,30,14:30:37,09 23,TA,12 45,PI,18 15,AR,11 18,AR,19 32,GE,23 47,SG,20 31,CP,02 56,TA,18 00,PI,23 09,CP,21 16,CN
May,1,14:34:33,10 21,TA,24 44,PI,19 54,AR,12 31,AR,20 11,GE,23 43,SG,20 31,CP,02 59,TA,18 02,PI,23 08,CP,21 13,CN
May,2,14:38:30,11 19,TA,06 55,AR,21 35,AR,13 43,AR,20 50,GE,23 39,SG,20 31,CP,03 03,TA,18 03,PI,23 08,CP,21 09,CN
May,3,14:42:26,12 17,TA,19 19,AR,23 17,AR,14 56,AR,21 29,GE,23 35,SG,20 31,CP,03 06,TA,18 05,PI,23 08,CP,21 06,CN
May,4,14:46:23,13 16,TA,01 57,TA,25 02,AR,16 09,AR,22 08,GE,23 31,SG,20 30,CP,03 09,TA,18 06,PI,23 08,CP,21 03,CN
May,5,14:50:19,14 14,TA,14 51,TA,26 48,AR,17 22,AR,22 47,GE,23 27,SG,20 30,CP,03 13,TA,18 08,PI,23 07,CP,20 60,CN
May,6,14:54:16,15 12,TA,27 58,TA,28 36,AR,18 35,AR,23 26,GE,23 22,SG,20 29,CP,03 16,TA,18 09,PI,23 07,CP,20 57,CN
May,7,14:58:13,16 10,TA,11 18,GE,00 26,TA,19 48,AR,24 05,GE,23 18,SG,20 29,CP,03 20,TA,18 11,PI,23 07,CP,20 54,CN
May,8,15:02:09,17 08,TA,24 49,GE,02 17,TA,21 00,AR,24 44,GE,23 13,SG,20 28,CP,03 23,TA,18 12,PI,23 06,CP,20 50,CN
May,9,15:06:06,18 06,TA,08 30,CN,04 11,TA,22 13,AR,25 23,GE,23 08,SG,20 27,CP,03 26,TA,18 13,PI,23 06,CP,20 47,CN
May,10,15:10:02,19 04,TA,22 19,CN,06 06,TA,23 26,AR,26 02,GE,23 03,SG,20 26,CP,03 30,TA,18 15,PI,23 06,CP,20 44,CN
May,11,15:13:59,20 02,TA,06 16,LE,08 03,TA,24 39,AR,26 41,GE,22 58,SG,20 25,CP,03 33,TA,18 16,PI,23 05,CP,20 41,CN
May,12,15:17:55,21 00,TA,20 20,LE,10 02,TA,25 52,AR,27 20,GE,22 53,SG,20 24,CP,03 36,TA,18 17,PI,23 05,CP,20 38,CN
May,13,15:21:52,21 58,TA,04 31,VI,12 03,TA,27 05,AR,27 58,GE,22 47,SG,20 23,CP,03 40,TA,18 19,PI,23 04,CP,20 35,CN
May,14,15:25:48,22 56,TA,18 46,VI,14 05,TA,28 17,AR,28 37,GE,22 41,SG,20 22,CP,03 43,TA,18 20,PI,23 04,CP,20 31,CN
May,15,15:29:45,23 54,TA,03 04,LI,16 09,TA,29 30,AR,29 16,GE,22 36,SG,20 20,CP,03 46,TA,18 21,PI,23 03,CP,20 28,CN
May,16,15:33:42,24 52,TA,17 20,LI,18 15,TA,00 43,TA,29 55,GE,22 30,SG,20 19,CP,03 50,TA,18 22,PI,23 03,CP,20 25,CN
May,17,15:37:38,25 50,TA,01 30,SC,20 22,TA,01 56,TA,00 34,CN,22 24,SG,20 17,CP,03 53,TA,18 23,PI,23 02,CP,20 22,CN
May,18,15:41:35,26 47,TA,15 29,SC,22 30,TA,03 09,TA,01 12,CN,22 18,SG,20 16,CP,03 56,TA,18 24,PI,23 01,CP,20 19,CN
May,19,15:45:31,27 45,TA,29 14,SC,24 39,TA,04 22,TA,01 51,CN,22 12,SG,20 14,CP,03 59,TA,18 25,PI,23 01,CP,20 15,CN
May,20,15:49:28,28 43,TA,12 39,SG,26 49,TA,05 35,TA,02 30,CN,22 05,SG,20 12,CP,04 03,TA,18 27,PI,22 60,CP,20 12,CN
May,21,15:53:24,29 41,TA,25 44,SG,29 00,TA,06 48,TA,03 08,CN,21 59,SG,20 10,CP,04 06,TA,18 28,PI,22 59,CP,20 09,CN
May,22,15:57:21,00 38,GE,08 29,CP,01 12,GE,08 01,TA,03 47,CN,21 52,SG,20 08,CP,04 09,TA,18 29,PI,22 59,CP,20 06,CN
May,23,16:01:17,01 36,GE,20 56,CP,03 23,GE,09 14,TA,04 26,CN,21 46,SG,20 06,CP,04 12,TA,18 30,PI,22 58,CP,20 03,CN
May,24,16:05:14,02 34,GE,03 06,AQ,05 35,GE,10 26,TA,05 04,CN,21 39,SG,20 04,CP,04 15,TA,18 30,PI,22 57,CP,19 60,CN
May,25,16:09:11,03 31,GE,15 06,AQ,07 46,GE,11 39,TA,05 43,CN,21 32,SG,20 02,CP,04 18,TA,18 31,PI,22 56,CP,19 56,CN
May,26,16:13:07,04 29,GE,26 58,AQ,09 57,GE,12 52,TA,06 22,CN,21 25,SG,19 59,CP,04 21,TA,18 32,PI,22 55,CP,19 53,CN
May,27,16:17:04,05 27,GE,08 49,PI,12 07,GE,14 05,TA,07 00,CN,21 18,SG,19 57,CP,04 25,TA,18 33,PI,22 54,CP,19 50,CN
May,28,16:21:00,06 24,GE,20 43,PI,14 15,GE,15 18,TA,07 39,CN,21 11,SG,19 54,CP,04 28,TA,18 34,PI,22 54,CP,19 47,CN
May,29,16:24:57,07 22,GE,02 45,AR,16 22,GE,16 31,TA,08 17,CN,21 04,SG,19 52,CP,04 31,TA,18 35,PI,22 53,CP,19 44,CN
May,30,16:28:53,08 19,GE,14 60,AR,18 28,GE,17 44,TA,08 56,CN,20 56,SG,19 49,CP,04 34,TA,18 35,PI,22 52,CP,19 41,CN
May,31,16:32:50,09 17,GE,27 30,AR,20 32,GE,18 57,TA,09 35,CN,20 49,SG,19 46,CP,04 37,TA,18 36,PI,22 51,CP,19 37,CN
Jun,1,16:36:46,10 15,GE,10 18,TA,22 33,GE,20 10,TA,10 13,CN,20 42,SG,19 43,CP,04 40,TA,18 37,PI,22 50,CP,19 34,CN
Jun,2,16:40:43,11 12,GE,23 26,TA,24 33,GE,21 23,TA,10 52,CN,20 34,SG,19 41,CP,04 43,TA,18 37,PI,22 49,CP,19 31,CN
Jun,3,16:44:40,12 10,GE,06 51,GE,26 31,GE,22 37,TA,11 30,CN,20 27,SG,19 38,CP,04 45,TA,18 38,PI,22 48,CP,19 28,CN
Jun,4,16:48:36,13 07,GE,20 33,GE,28 26,GE,23 50,TA,12 09,CN,20 19,SG,19 35,CP,04 48,TA,18 39,PI,22 47,CP,19 25,CN
Jun,5,16:52:33,14 05,GE,04 29,CN,00 18,CN,25 03,TA,12 47,CN,20 12,SG,19 31,CP,04 51,TA,18 39,PI,22 46,CP,19 21,CN
Jun,6,16:56:29,15 02,GE,18 35,CN,02 08,CN,26 16,TA,13 25,CN,20 04,SG,19 28,CP,04 54,TA,18 40,PI,22 45,CP,19 18,CN
Jun,7,17:00:26,15 60,GE,02 48,LE,03 56,CN,27 29,TA,14 04,CN,19 57,SG,19 25,CP,04 57,TA,18 40,PI,22 44,CP,19 15,CN
Jun,8,17:04:22,16 57,GE,17 04,LE,05 41,CN,28 42,TA,14 42,CN,19 49,SG,19 22,CP,04 60,TA,18 41,PI,22 43,CP,19 12,CN
Jun,9,17:08:19,17 54,GE,01 19,VI,07 23,CN,29 55,TA,15 21,CN,19 41,SG,19 18,CP,05 02,TA,18 41,PI,22 41,CP,19 09,CN
Jun,10,17:12:15,18 52,GE,15 33,VI,09 03,CN,01 08,GE,15 59,CN,19 34,SG,19 15,CP,05 05,TA,18 42,PI,22 40,CP,19 06,CN
Jun,11,17:16:12,19 49,GE,29 42,VI,10 40,CN,02 21,GE,16 38,CN,19 26,SG,19 11,CP,05 08,TA,18 42,PI,22 39,CP,19 02,CN
Jun,12,17:20:09,20 46,GE,13 45,LI,12 14,CN,03 34,GE,17 16,CN,19 18,SG,19 08,CP,05 10,TA,18 42,PI,22 38,CP,18 59,CN
Jun,13,17:24:05,21 44,GE,27 40,LI,13 45,CN,04 47,GE,17 54,CN,19 11,SG,19 04,CP,05 13,TA,18 43,PI,22 37,CP,18 56,CN
Jun,14,17:28:02,22 41,GE,11 24,SC,15 14,CN,06 01,GE,18 33,CN,19 03,SG,19 00,CP,05 16,TA,18 43,PI,22 36,CP,18 53,CN
Jun,15,17:31:58,23 38,GE,24 57,SC,16 40,CN,07 14,GE,19 11,CN,18 55,SG,18 57,CP,05 18,TA,18 43,PI,22 34,CP,18 50,CN
Jun,16,17:35:55,24 36,GE,08 15,SG,18 03,CN,08 27,GE,19 49,CN,18 48,SG,18 53,CP,05 21,TA,18 43,PI,22 33,CP,18 47,CN
Jun,17,17:39:51,25 33,GE,21 19,SG,19 24,CN,09 40,GE,20 28,CN,18 40,SG,18 49,CP,05 23,TA,18 43,PI,22 32,CP,18 43,CN
Jun,18,17:43:48,26 30,GE,04 07,CP,20 41,CN,10 53,GE,21 06,CN,18 33,SG,18 45,CP,05 26,TA,18 44,PI,22 31,CP,18 40,CN
Jun,19,17:47:44,27 28,GE,16 39,CP,21 56,CN,12 07,GE,21 44,CN,18 25,SG,18 41,CP,05 28,TA,18 44,PI,22 29,CP,18 37,CN
Jun,20,17:51:41,28 25,GE,28 58,CP,23 07,CN,13 20,GE,22 22,CN,18 18,SG,18 37,CP,05 30,TA,18 44,PI,22 28,CP,18 34,CN
Jun,21,17:55:38,29 22,GE,11 05,AQ,24 16,CN,14 33,GE,23 01,CN,18 10,SG,18 33,CP,05 33,TA,18 44,PI,22 27,CP,18 31,CN
Jun,22,17:59:34,00 19,CN,23 03,AQ,25 21,CN,15 46,GE,23 39,CN,18 03,SG,18 29,CP,05 35,TA,18 44,PI,22 25,CP,18 27,CN
Jun,23,18:03:31,01 16,CN,04 55,PI,26 24,CN,16 60,GE,24 17,CN,17 56,SG,18 25,CP,05 37,TA,18 44,PI,22 24,CP,18 24,CN
Jun,24,18:07:27,02 14,CN,16 46,PI,27 23,CN,18 13,GE,24 55,CN,17 49,SG,18 21,CP,05 40,TA,18 44,PI,22 23,CP,18 21,CN
Jun,25,18:11:24,03 11,CN,28 41,PI,28 18,CN,19 26,GE,25 34,CN,17 41,SG,18 17,CP,05 42,TA,18 44,PI,22 21,CP,18 18,CN
Jun,26,18:15:20,04 08,CN,10 43,AR,29 11,CN,20 39,GE,26 12,CN,17 34,SG,18 13,CP,05 44,TA,18 43,PI,22 20,CP,18 15,CN
Jun,27,18:19:17,05 05,CN,22 58,AR,29 59,CN,21 53,GE,26 50,CN,17 27,SG,18 08,CP,05 46,TA,18 43,PI,22 19,CP,18 12,CN
Jun,28,18:23:13,06 03,CN,05 30,TA,00 44,LE,23 06,GE,27 28,CN,17 20,SG,18 04,CP,05 48,TA,18 43,PI,22 17,CP,18 08,CN
Jun,29,18:27:10,06 60,CN,18 21,TA,01 26,LE,24 19,GE,28 06,CN,17 13,SG,17 60,CP,05 50,TA,18 43,PI,22 16,CP,18 05,CN
Jun,30,18:31:07,07 57,CN,01 35,GE,02 03,LE,25 33,GE,28 45,CN,17 07,SG,17 56,CP,05 52,TA,18 43,PI,22 15,CP,18 02,CN
Jul,1,18:35:03,08 54,CN,15 12,GE,02 36,LE,26 46,GE,29 23,CN,17 00,SG,17 51,CP,05 54,TA,18 42,PI,22 13,CP,17 59,CN
Jul,2,0.777083333,09 52,CN,29 10,GE,03 06,LE,27 60,GE,00 01,LE,16 53,SG,17 47,CP,05 56,TA,18 42,PI,22 12,CP,17 56,CN
Jul,3,18:42:56,10 49,CN,13 27,CN,03 31,LE,29 13,GE,00 39,LE,16 47,SG,17 43,CP,05 58,TA,18 42,PI,22 10,CP,17 53,CN
Jul,4,18:46:53,11 46,CN,27 58,CN,03 51,LE,00 27,CN,01 17,LE,16 41,SG,17 38,CP,05 60,TA,18 41,PI,22 09,CP,17 49,CN
Jul,5,18:50:49,12 43,CN,12 37,LE,04 07,LE,01 40,CN,01 56,LE,16 34,SG,17 34,CP,06 02,TA,18 41,PI,22 07,CP,17 46,CN
Jul,6,18:54:46,13 40,CN,27 17,LE,04 19,LE,02 54,CN,02 34,LE,16 28,SG,17 29,CP,06 04,TA,18 40,PI,22 06,CP,17 43,CN
Jul,7,18:58:42,14 38,CN,11 54,VI,04 26,LE,04 07,CN,03 12,LE,16 22,SG,17 25,CP,06 05,TA,18 40,PI,22 05,CP,17 40,CN
Jul,8,19:02:39,15 35,CN,26 20,VI,04 28,LE,05 20,CN,03 50,LE,16 16,SG,17 21,CP,06 07,TA,18 39,PI,22 03,CP,17 37,CN
Jul,9,19:06:36,16 32,CN,10 34,LI,04 25,LE,06 34,CN,04 28,LE,16 11,SG,17 16,CP,06 09,TA,18 39,PI,22 02,CP,17 33,CN
Jul,10,19:10:32,17 29,CN,24 33,LI,04 18,LE,07 48,CN,05 06,LE,16 05,SG,17 12,CP,06 10,TA,18 38,PI,22 00,CP,17 30,CN
Jul,11,19:14:29,18 27,CN,08 15,SC,04 06,LE,09 01,CN,05 44,LE,15 60,SG,17 07,CP,06 12,TA,18 38,PI,21 59,CP,17 27,CN
Jul,12,19:18:25,19 24,CN,21 41,SC,03 50,LE,10 15,CN,06 22,LE,15 54,SG,17 03,CP,06 13,TA,18 37,PI,21 57,CP,17 24,CN
Jul,13,19:22:22,20 21,CN,04 51,SG,03 29,LE,11 28,CN,07 01,LE,15 49,SG,16 58,CP,06 15,TA,18 36,PI,21 56,CP,17 21,CN
Jul,14,19:26:18,21 18,CN,17 47,SG,03 04,LE,12 42,CN,07 39,LE,15 44,SG,16 54,CP,06 16,TA,18 36,PI,21 54,CP,17 18,CN
Jul,15,19:30:15,22 15,CN,00 28,CP,02 36,LE,13 55,CN,08 17,LE,15 39,SG,16 50,CP,06 18,TA,18 35,PI,21 53,CP,17 14,CN
Jul,16,19:34:11,23 13,CN,12 58,CP,02 04,LE,15 09,CN,08 55,LE,15 34,SG,16 45,CP,06 19,TA,18 34,PI,21 51,CP,17 11,CN
Jul,17,19:38:08,24 10,CN,25 16,CP,01 29,LE,16 23,CN,09 33,LE,15 30,SG,16 41,CP,06 20,TA,18 34,PI,21 50,CP,17 08,CN
Jul,18,19:42:05,25 07,CN,07 24,AQ,00 51,LE,17 36,CN,10 11,LE,15 25,SG,16 37,CP,06 21,TA,18 33,PI,21 49,CP,17 05,CN
Jul,19,19:46:01,26 04,CN,19 25,AQ,00 12,LE,18 50,CN,10 49,LE,15 21,SG,16 32,CP,06 23,TA,18 32,PI,21 47,CP,17 02,CN
Jul,20,19:49:58,27 01,CN,01 19,PI,29 31,CN,20 04,CN,11 27,LE,15 17,SG,16 28,CP,06 24,TA,18 31,PI,21 46,CP,16 59,CN
Jul,21,19:53:54,27 59,CN,13 10,PI,28 50,CN,21 17,CN,12 05,LE,15 13,SG,16 24,CP,06 25,TA,18 30,PI,21 44,CP,16 55,CN
Jul,22,19:57:51,28 56,CN,25 01,PI,28 09,CN,22 31,CN,12 43,LE,15 09,SG,16 19,CP,06 26,TA,18 29,PI,21 43,CP,16 52,CN
Jul,23,20:01:47,29 53,CN,06 56,AR,27 29,CN,23 45,CN,13 21,LE,15 06,SG,16 15,CP,06 27,TA,18 28,PI,21 41,CP,16 49,CN
Jul,24,20:05:44,00 50,LE,18 57,AR,26 51,CN,24 59,CN,13 59,LE,15 02,SG,16 11,CP,06 28,TA,18 27,PI,21 40,CP,16 46,CN
Jul,25,20:09:40,01 48,LE,01 10,TA,26 15,CN,26 13,CN,14 38,LE,14 59,SG,16 07,CP,06 29,TA,18 26,PI,21 38,CP,16 43,CN
Jul,26,20:13:37,02 45,LE,13 39,TA,25 42,CN,27 26,CN,15 16,LE,14 56,SG,16 03,CP,06 30,TA,18 25,PI,21 37,CP,16 39,CN
Jul,27,20:17:34,03 42,LE,26 28,TA,25 12,CN,28 40,CN,15 54,LE,14 53,SG,15 58,CP,06 30,TA,18 24,PI,21 36,CP,16 36,CN
Jul,28,20:21:30,04 40,LE,09 40,GE,24 47,CN,29 54,CN,16 32,LE,14 50,SG,15 54,CP,06 31,TA,18 23,PI,21 34,CP,16 33,CN
Jul,29,20:25:27,05 37,LE,23 18,GE,24 26,CN,01 08,LE,17 10,LE,14 47,SG,15 50,CP,06 32,TA,18 22,PI,21 33,CP,16 30,CN
Jul,30,20:29:23,06 34,LE,07 22,CN,24 11,CN,02 22,LE,17 48,LE,14 45,SG,15 46,CP,06 33,TA,18 21,PI,21 31,CP,16 27,CN
Jul,31,20:33:20,07 32,LE,21 49,CN,24 01,CN,03 36,LE,18 26,LE,14 43,SG,15 42,CP,06 33,TA,18 20,PI,21 30,CP,16 24,CN
Aug,1,20:37:16,08 29,LE,06 37,LE,23 57,CN,04 50,LE,19 04,LE,14 41,SG,15 38,CP,06 34,TA,18 19,PI,21 29,CP,16 20,CN
Aug,2,20:41:13,09 27,LE,21 37,LE,23 59,CN,06 04,LE,19 42,LE,14 39,SG,15 35,CP,06 34,TA,18 18,PI,21 27,CP,16 17,CN
Aug,3,20:45:09,10 24,LE,06 41,VI,24 07,CN,07 18,LE,20 20,LE,14 37,SG,15 31,CP,06 35,TA,18 16,PI,21 26,CP,16 14,CN
Aug,4,20:49:06,11 22,LE,21 39,VI,24 22,CN,08 32,LE,20 58,LE,14 36,SG,15 27,CP,06 35,TA,18 15,PI,21 24,CP,16 11,CN
Aug,5,20:53:03,12 19,LE,06 25,LI,24 43,CN,09 46,LE,21 36,LE,14 34,SG,15 23,CP,06 36,TA,18 14,PI,21 23,CP,16 08,CN
Aug,6,20:56:59,13 16,LE,20 51,LI,25 11,CN,10 60,LE,22 14,LE,14 33,SG,15 20,CP,06 36,TA,18 13,PI,21 22,CP,16 05,CN
Aug,7,21:00:56,14 14,LE,04 55,SC,25 45,CN,12 14,LE,22 53,LE,14 32,SG,15 16,CP,06 36,TA,18 11,PI,21 20,CP,16 01,CN
Aug,8,21:04:52,15 11,LE,18 34,SC,26 26,CN,13 28,LE,23 31,LE,14 31,SG,15 13,CP,06 36,TA,18 10,PI,21 19,CP,15 58,CN
Aug,9,21:08:49,16 09,LE,01 52,SG,27 13,CN,14 42,LE,24 09,LE,14 31,SG,15 09,CP,06 37,TA,18 09,PI,21 18,CP,15 55,CN
Aug,10,21:12:45,17 06,LE,14 49,SG,28 07,CN,15 56,LE,24 47,LE,14 31,SG,15 06,CP,06 37,TA,18 07,PI,21 17,CP,15 52,CN
Aug,11,21:16:42,18 04,LE,27 28,SG,29 06,CN,17 10,LE,25 25,LE,14 30,SG,15 02,CP,06 37,TA,18 06,PI,21 15,CP,15 49,CN
Aug,12,21:20:38,19 01,LE,09 53,CP,00 12,LE,18 24,LE,26 03,LE,14 30,SG,14 59,CP,06 37,TA,18 05,PI,21 14,CP,15 45,CN
Aug,13,21:24:35,19 59,LE,22 07,CP,01 24,LE,19 38,LE,26 41,LE,14 30,SG,14 56,CP,06 37,TA,18 03,PI,21 13,CP,15 42,CN
Aug,14,21:28:32,20 57,LE,04 13,AQ,02 41,LE,20 52,LE,27 19,LE,14 31,SG,14 53,CP,06 37,TA,18 02,PI,21 12,CP,15 39,CN
Aug,15,21:32:28,21 54,LE,16 12,AQ,04 03,LE,22 07,LE,27 57,LE,14 31,SG,14 50,CP,06 37,TA,18 00,PI,21 10,CP,15 36,CN
Aug,16,21:36:25,22 52,LE,28 06,AQ,05 31,LE,23 21,LE,28 35,LE,14 32,SG,14 47,CP,06 36,TA,17 59,PI,21 09,CP,15 33,CN
Aug,17,21:40:21,23 49,LE,09 58,PI,07 03,LE,24 35,LE,29 13,LE,14 33,SG,14 44,CP,06 36,TA,17 58,PI,21 08,CP,15 30,CN
Aug,18,21:44:18,24 47,LE,21 49,PI,08 40,LE,25 49,LE,29 52,LE,14 34,SG,14 41,CP,06 36,TA,17 56,PI,21 07,CP,15 26,CN
Aug,19,21:48:14,25 45,LE,03 41,AR,10 21,LE,27 03,LE,00 30,VI,14 35,SG,14 38,CP,06 36,TA,17 55,PI,21 06,CP,15 23,CN
Aug,20,21:52:11,26 43,LE,15 37,AR,12 05,LE,28 18,LE,01 08,VI,14 37,SG,14 35,CP,06 35,TA,17 53,PI,21 05,CP,15 20,CN
Aug,21,21:56:07,27 40,LE,27 39,AR,13 53,LE,29 32,LE,01 46,VI,14 38,SG,14 33,CP,06 35,TA,17 52,PI,21 03,CP,15 17,CN
Aug,22,22:00:04,28 38,LE,09 52,TA,15 44,LE,00 46,VI,02 24,VI,14 40,SG,14 30,CP,06 34,TA,17 50,PI,21 02,CP,15 14,CN
Aug,23,22:04:01,29 36,LE,22 18,TA,17 36,LE,02 00,VI,03 02,VI,14 42,SG,14 28,CP,06 34,TA,17 49,PI,21 01,CP,15 10,CN
Aug,24,22:07:57,00 34,VI,05 02,GE,19 31,LE,03 15,VI,03 40,VI,14 44,SG,14 25,CP,06 33,TA,17 47,PI,21 00,CP,15 07,CN
Aug,25,22:11:54,01 31,VI,18 08,GE,21 28,LE,04 29,VI,04 18,VI,14 47,SG,14 23,CP,06 33,TA,17 45,PI,20 59,CP,15 04,CN
Aug,26,22:15:50,02 29,VI,01 39,CN,23 25,LE,05 43,VI,04 57,VI,14 49,SG,14 21,CP,06 32,TA,17 44,PI,20 58,CP,15 01,CN
Aug,27,22:19:47,03 27,VI,15 38,CN,25 23,LE,06 58,VI,05 35,VI,14 52,SG,14 19,CP,06 31,TA,17 42,PI,20 57,CP,14 58,CN
Aug,28,22:23:43,04 25,VI,00 03,LE,27 22,LE,08 12,VI,06 13,VI,14 55,SG,14 17,CP,06 31,TA,17 41,PI,20 56,CP,14 55,CN
Aug,29,22:27:40,05 23,VI,14 53,LE,29 21,LE,09 26,VI,06 51,VI,14 58,SG,14 15,CP,06 30,TA,17 39,PI,20 55,CP,14 51,CN
Aug,30,22:31:36,06 21,VI,00 01,VI,01 20,VI,10 41,VI,07 29,VI,15 01,SG,14 13,CP,06 29,TA,17 37,PI,20 54,CP,14 48,CN
Aug,31,22:35:33,07 19,VI,15 18,VI,03 19,VI,11 55,VI,08 08,VI,15 05,SG,14 11,CP,06 28,TA,17 36,PI,20 53,CP,14 45,CN
Sep,1,22:39:30,08 17,VI,00 32,LI,05 17,VI,13 09,VI,08 46,VI,15 08,SG,14 09,CP,06 27,TA,17 34,PI,20 53,CP,14 42,CN
Sep,2,22:43:26,09 15,VI,15 34,LI,07 15,VI,14 24,VI,09 24,VI,15 12,SG,14 08,CP,06 26,TA,17 33,PI,20 52,CP,14 39,CN
Sep,3,22:47:23,10 13,VI,00 14,SC,09 11,VI,15 38,VI,10 02,VI,15 16,SG,14 06,CP,06 25,TA,17 31,PI,20 51,CP,14 36,CN
Sep,4,22:51:19,11 11,VI,14 28,SC,11 07,VI,16 53,VI,10 41,VI,15 20,SG,14 05,CP,06 24,TA,17 29,PI,20 50,CP,14 32,CN
Sep,5,22:55:16,12 10,VI,28 14,SC,13 02,VI,18 07,VI,11 19,VI,15 25,SG,14 03,CP,06 23,TA,17 28,PI,20 49,CP,14 29,CN
Sep,6,22:59:12,13 08,VI,11 31,SG,14 56,VI,19 22,VI,11 57,VI,15 29,SG,14 02,CP,06 22,TA,17 26,PI,20 49,CP,14 26,CN
Sep,7,23:03:09,14 06,VI,24 24,SG,16 49,VI,20 36,VI,12 35,VI,15 34,SG,14 01,CP,06 21,TA,17 24,PI,20 48,CP,14 23,CN
Sep,8,23:07:05,15 04,VI,06 57,CP,18 41,VI,21 50,VI,13 14,VI,15 38,SG,13 60,CP,06 19,TA,17 23,PI,20 47,CP,14 20,CN
Sep,9,23:11:02,16 02,VI,19 13,CP,20 32,VI,23 05,VI,13 52,VI,15 43,SG,13 59,CP,06 18,TA,17 21,PI,20 46,CP,14 16,CN
Sep,10,23:14:59,17 01,VI,01 18,AQ,22 21,VI,24 19,VI,14 30,VI,15 49,SG,13 58,CP,06 17,TA,17 19,PI,20 46,CP,14 13,CN
Sep,11,23:18:55,17 59,VI,13 15,AQ,24 10,VI,25 34,VI,15 08,VI,15 54,SG,13 57,CP,06 15,TA,17 18,PI,20 45,CP,14 10,CN
Sep,12,23:22:52,18 57,VI,25 07,AQ,25 57,VI,26 48,VI,15 47,VI,15 59,SG,13 57,CP,06 14,TA,17 16,PI,20 44,CP,14 07,CN
Sep,13,23:26:48,19 56,VI,06 58,PI,27 43,VI,28 03,VI,16 25,VI,16 05,SG,13 56,CP,06 13,TA,17 14,PI,20 44,CP,14 04,CN
Sep,14,23:30:45,20 54,VI,18 50,PI,29 28,VI,29 17,VI,17 03,VI,16 11,SG,13 56,CP,06 11,TA,17 13,PI,20 43,CP,14 01,CN
Sep,15,23:34:41,21 52,VI,00 43,AR,01 12,LI,00 32,LI,17 42,VI,16 17,SG,13 55,CP,06 10,TA,17 11,PI,20 43,CP,13 57,CN
Sep,16,23:38:38,22 51,VI,12 40,AR,02 55,LI,01 46,LI,18 20,VI,16 23,SG,13 55,CP,06 08,TA,17 10,PI,20 42,CP,13 54,CN
Sep,17,23:42:34,23 49,VI,24 41,AR,04 37,LI,03 01,LI,18 59,VI,16 29,SG,13 55,CP,06 06,TA,17 08,PI,20 42,CP,13 51,CN
Sep,18,23:46:31,24 48,VI,06 50,TA,06 18,LI,04 15,LI,19 37,VI,16 35,SG,13 55,CP,06 05,TA,17 06,PI,20 41,CP,13 48,CN
Sep,19,23:50:28,25 46,VI,19 06,TA,07 57,LI,05 30,LI,20 15,VI,16 42,SG,13 55,CP,06 03,TA,17 05,PI,20 41,CP,13 45,CN
Sep,20,23:54:24,26 45,VI,01 35,GE,09 36,LI,06 44,LI,20 54,VI,16 48,SG,13 55,CP,06 01,TA,17 03,PI,20 41,CP,13 42,CN
Sep,21,23:58:21,27 43,VI,14 18,GE,11 14,LI,07 59,LI,21 32,VI,16 55,SG,13 55,CP,05 60,TA,17 01,PI,20 40,CP,13 38,CN
Sep,22,0:02:17,28 42,VI,27 19,GE,12 50,LI,09 14,LI,22 11,VI,17 02,SG,13 55,CP,05 58,TA,16 60,PI,20 40,CP,13 35,CN
Sep,23,0:06:14,29 41,VI,10 43,CN,14 26,LI,10 28,LI,22 49,VI,17 09,SG,13 56,CP,05 56,TA,16 58,PI,20 39,CP,13 32,CN
Sep,24,0:10:10,00 39,LI,24 31,CN,16 01,LI,11 43,LI,23 27,VI,17 16,SG,13 56,CP,05 54,TA,16 57,PI,20 39,CP,13 29,CN
Sep,25,0:14:07,01 38,LI,08 45,LE,17 34,LI,12 57,LI,24 06,VI,17 24,SG,13 57,CP,05 52,TA,16 55,PI,20 39,CP,13 26,CN
Sep,26,0:18:03,02 37,LI,23 24,LE,19 07,LI,14 12,LI,24 44,VI,17 31,SG,13 58,CP,05 50,TA,16 53,PI,20 39,CP,13 22,CN
Sep,27,0.015277778,03 36,LI,08 23,VI,20 39,LI,15 26,LI,25 23,VI,17 39,SG,13 58,CP,05 48,TA,16 52,PI,20 39,CP,13 19,CN
Sep,28,0:25:57,04 35,LI,23 36,VI,22 10,LI,16 41,LI,26 01,VI,17 47,SG,13 59,CP,05 46,TA,16 50,PI,20 38,CP,13 16,CN
Sep,29,0:29:53,05 34,LI,08 51,LI,23 40,LI,17 55,LI,26 40,VI,17 55,SG,14 00,CP,05 44,TA,16 49,PI,20 38,CP,13 13,CN
Sep,30,0:33:50,06 33,LI,23 58,LI,25 09,LI,19 10,LI,27 19,VI,18 03,SG,14 01,CP,05 42,TA,16 47,PI,20 38,CP,13 10,CN
Oct,1,0:37:46,07 32,LI,08 46,SC,26 37,LI,20 25,LI,27 57,VI,18 11,SG,14 03,CP,05 40,TA,16 46,PI,20 38,CP,13 07,CN
Oct,2,0:41:43,08 31,LI,23 08,SC,28 04,LI,21 39,LI,28 36,VI,18 19,SG,14 04,CP,05 38,TA,16 44,PI,20 38,CP,13 03,CN
Oct,3,0:45:39,09 30,LI,07 01,SG,29 31,LI,22 54,LI,29 14,VI,18 28,SG,14 05,CP,05 36,TA,16 43,PI,20 38,CP,13 00,CN
Oct,4,0:49:36,10 29,LI,20 24,SG,00 56,SC,24 08,LI,29 53,VI,18 36,SG,14 07,CP,05 34,TA,16 41,PI,20 38,CP,12 57,CN
Oct,5,0:53:32,11 28,LI,03 20,CP,02 20,SC,25 23,LI,00 32,LI,18 45,SG,14 08,CP,05 32,TA,16 40,PI,20 38,CP,12 54,CN
Oct,6,0:57:29,12 27,LI,15 53,CP,03 43,SC,26 38,LI,01 10,LI,18 54,SG,14 10,CP,05 30,TA,16 38,PI,20 38,CP,12 51,CN
Oct,7,1:01:26,13 26,LI,28 07,CP,05 05,SC,27 52,LI,01 49,LI,19 03,SG,14 12,CP,05 27,TA,16 37,PI,20 38,CP,12 47,CN
Oct,8,1:05:22,14 25,LI,10 09,AQ,06 26,SC,29 07,LI,02 27,LI,19 12,SG,14 14,CP,05 25,TA,16 35,PI,20 38,CP,12 44,CN
Oct,9,1:09:19,15 24,LI,22 03,AQ,07 46,SC,00 21,SC,03 06,LI,19 21,SG,14 16,CP,05 23,TA,16 34,PI,20 38,CP,12 41,CN
Oct,10,1:13:15,16 24,LI,03 54,PI,09 05,SC,01 36,SC,03 45,LI,19 30,SG,14 18,CP,05 21,TA,16 33,PI,20 39,CP,12 38,CN
Oct,11,1:17:12,17 23,LI,15 44,PI,10 23,SC,02 51,SC,04 24,LI,19 40,SG,14 20,CP,05 18,TA,16 31,PI,20 39,CP,12 35,CN
Oct,12,1:21:08,18 22,LI,27 37,PI,11 39,SC,04 05,SC,05 02,LI,19 49,SG,14 22,CP,05 16,TA,16 30,PI,20 39,CP,12 32,CN
Oct,13,1:25:05,19 22,LI,09 36,AR,12 53,SC,05 20,SC,05 41,LI,19 59,SG,14 24,CP,05 14,TA,16 29,PI,20 39,CP,12 28,CN
Oct,14,1:29:01,20 21,LI,21 40,AR,14 07,SC,06 34,SC,06 20,LI,20 09,SG,14 27,CP,05 11,TA,16 27,PI,20 40,CP,12 25,CN
Oct,15,1:32:58,21 20,LI,03 52,TA,15 18,SC,07 49,SC,06 59,LI,20 18,SG,14 29,CP,05 09,TA,16 26,PI,20 40,CP,12 22,CN
Oct,16,1:36:55,22 20,LI,16 12,TA,16 28,SC,09 03,SC,07 37,LI,20 28,SG,14 32,CP,05 06,TA,16 25,PI,20 40,CP,12 19,CN
Oct,17,1:40:51,23 19,LI,28 41,TA,17 36,SC,10 18,SC,08 16,LI,20 38,SG,14 35,CP,05 04,TA,16 23,PI,20 41,CP,12 16,CN
Oct,18,1:44:48,24 19,LI,11 20,GE,18 42,SC,11 33,SC,08 55,LI,20 49,SG,14 38,CP,05 02,TA,16 22,PI,20 41,CP,12 13,CN
Oct,19,1:48:44,25 18,LI,24 11,GE,19 45,SC,12 47,SC,09 34,LI,20 59,SG,14 40,CP,04 59,TA,16 21,PI,20 42,CP,12 09,CN
Oct,20,1:52:41,26 18,LI,07 16,CN,20 46,SC,14 02,SC,10 13,LI,21 09,SG,14 43,CP,04 57,TA,16 20,PI,20 42,CP,12 06,CN
Oct,21,1:56:37,27 17,LI,20 38,CN,21 44,SC,15 16,SC,10 52,LI,21 20,SG,14 47,CP,04 54,TA,16 19,PI,20 43,CP,12 03,CN
Oct,22,2:00:34,28 17,LI,04 19,LE,22 40,SC,16 31,SC,11 30,LI,21 30,SG,14 50,CP,04 52,TA,16 17,PI,20 43,CP,11 60,CN
Oct,23,2:04:30,29 17,LI,18 21,LE,23 32,SC,17 45,SC,12 09,LI,21 41,SG,14 53,CP,04 50,TA,16 16,PI,20 44,CP,11 57,CN
Oct,24,2:08:27,00 17,SC,02 43,VI,24 20,SC,18 60,SC,12 48,LI,21 52,SG,14 56,CP,04 47,TA,16 15,PI,20 44,CP,11 53,CN
Oct,25,2:12:24,01 16,SC,17 23,VI,25 04,SC,20 15,SC,13 27,LI,22 03,SG,14 60,CP,04 45,TA,16 14,PI,20 45,CP,11 50,CN
Oct,26,2:16:20,02 16,SC,02 16,LI,25 44,SC,21 29,SC,14 06,LI,22 14,SG,15 03,CP,04 42,TA,16 13,PI,20 46,CP,11 47,CN
Oct,27,2:20:17,03 16,SC,17 15,LI,26 19,SC,22 44,SC,14 45,LI,22 25,SG,15 07,CP,04 40,TA,16 12,PI,20 46,CP,11 44,CN
Oct,28,2:24:13,04 16,SC,02 10,SC,26 48,SC,23 58,SC,15 24,LI,22 36,SG,15 10,CP,04 37,TA,16 11,PI,20 47,CP,11 41,CN
Oct,29,2:28:10,05 16,SC,16 51,SC,27 11,SC,25 13,SC,16 03,LI,22 47,SG,15 14,CP,04 35,TA,16 10,PI,20 48,CP,11 38,CN
Oct,30,2:32:06,06 16,SC,01 11,SG,27 27,SC,26 27,SC,16 42,LI,22 58,SG,15 18,CP,04 32,TA,16 09,PI,20 48,CP,11 34,CN
Oct,31,2:36:03,07 16,SC,15 05,SG,27 36,SC,27 42,SC,17 21,LI,23 10,SG,15 22,CP,04 30,TA,16 08,PI,20 49,CP,11 31,CN
Nov,1,2:39:59,08 16,SC,28 32,SG,27 38,SC,28 57,SC,18 01,LI,23 21,SG,15 26,CP,04 27,TA,16 08,PI,20 50,CP,11 28,CN
Nov,2,2:43:56,09 16,SC,11 33,CP,27 30,SC,00 11,SG,18 40,LI,23 33,SG,15 30,CP,04 25,TA,16 07,PI,20 51,CP,11 25,CN
Nov,3,2:47:53,10 16,SC,24 09,CP,27 14,SC,01 26,SG,19 19,LI,23 44,SG,15 34,CP,04 22,TA,16 06,PI,20 52,CP,11 22,CN
Nov,4,2:51:49,11 16,SC,06 27,AQ,26 49,SC,02 40,SG,19 58,LI,23 56,SG,15 38,CP,04 20,TA,16 05,PI,20 53,CP,11 19,CN
Nov,5,2:55:46,12 16,SC,18 30,AQ,26 13,SC,03 55,SG,20 37,LI,24 08,SG,15 43,CP,04 18,TA,16 04,PI,20 54,CP,11 15,CN
Nov,6,2:59:42,13 16,SC,00 25,PI,25 28,SC,05 09,SG,21 16,LI,24 20,SG,15 47,CP,04 15,TA,16 04,PI,20 55,CP,11 12,CN
Nov,7,3:03:39,14 16,SC,12 16,PI,24 34,SC,06 24,SG,21 55,LI,24 32,SG,15 52,CP,04 13,TA,16 03,PI,20 56,CP,11 09,CN
Nov,8,3:07:35,15 16,SC,24 08,PI,23 31,SC,07 38,SG,22 35,LI,24 44,SG,15 56,CP,04 10,TA,16 02,PI,20 57,CP,11 06,CN
Nov,9,3:11:32,16 17,SC,06 04,AR,22 21,SC,08 53,SG,23 14,LI,24 56,SG,16 01,CP,04 08,TA,16 02,PI,20 58,CP,11 03,CN
Nov,10,3:15:28,17 17,SC,18 08,AR,21 06,SC,10 07,SG,23 53,LI,25 08,SG,16 06,CP,04 06,TA,16 01,PI,20 59,CP,10 59,CN
Nov,11,3:19:25,18 17,SC,00 21,TA,19 47,SC,11 22,SG,24 32,LI,25 20,SG,16 10,CP,04 03,TA,16 00,PI,20 60,CP,10 56,CN
Nov,12,3:23:22,19 17,SC,12 45,TA,18 27,SC,12 36,SG,25 12,LI,25 32,SG,16 15,CP,04 01,TA,15 60,PI,21 01,CP,10 53,CN
Nov,13,3:27:18,20 18,SC,25 21,TA,17 09,SC,13 51,SG,25 51,LI,25 45,SG,16 20,CP,03 58,TA,15 59,PI,21 02,CP,10 50,CN
Nov,14,3:31:15,21 18,SC,08 08,GE,15 55,SC,15 05,SG,26 30,LI,25 57,SG,16 25,CP,03 56,TA,15 59,PI,21 03,CP,10 47,CN
Nov,15,3:35:11,22 19,SC,21 06,GE,14 47,SC,16 20,SG,27 10,LI,26 10,SG,16 30,CP,03 54,TA,15 59,PI,21 05,CP,10 44,CN
Nov,16,3:39:08,23 19,SC,04 16,CN,13 47,SC,17 34,SG,27 49,LI,26 22,SG,16 35,CP,03 52,TA,15 58,PI,21 06,CP,10 40,CN
Nov,17,3:43:04,24 19,SC,17 36,CN,12 58,SC,18 49,SG,28 28,LI,26 35,SG,16 40,CP,03 49,TA,15 58,PI,21 07,CP,10 37,CN
Nov,18,3:47:01,25 20,SC,01 09,LE,12 20,SC,20 03,SG,29 08,LI,26 47,SG,16 46,CP,03 47,TA,15 57,PI,21 08,CP,10 34,CN
Nov,19,3:50:57,26 20,SC,14 54,LE,11 54,SC,21 18,SG,29 47,LI,27 00,SG,16 51,CP,03 45,TA,15 57,PI,21 10,CP,10 31,CN
Nov,20,3:54:54,27 21,SC,28 52,LE,11 39,SC,22 32,SG,00 27,SC,27 13,SG,16 56,CP,03 43,TA,15 57,PI,21 11,CP,10 28,CN
Nov,21,3:58:51,28 21,SC,13 02,VI,11 35,SC,23 46,SG,01 06,SC,27 26,SG,17 02,CP,03 40,TA,15 57,PI,21 12,CP,10 25,CN
Nov,22,4:02:47,29 22,SC,27 23,VI,11 43,SC,25 01,SG,01 46,SC,27 39,SG,17 07,CP,03 38,TA,15 56,PI,21 14,CP,10 21,CN
Nov,23,4:06:44,00 23,SG,11 52,LI,12 01,SC,26 15,SG,02 25,SC,27 51,SG,17 13,CP,03 36,TA,15 56,PI,21 15,CP,10 18,CN
Nov,24,4:10:40,01 23,SG,26 23,LI,12 28,SC,27 30,SG,03 05,SC,28 04,SG,17 18,CP,03 34,TA,15 56,PI,21 16,CP,10 15,CN
Nov,25,4:14:37,02 24,SG,10 51,SC,13 03,SC,28 44,SG,03 44,SC,28 17,SG,17 24,CP,03 32,TA,15 56,PI,21 18,CP,10 12,CN
Nov,26,4:18:33,03 25,SG,25 10,SC,13 46,SC,29 58,SG,04 24,SC,28 30,SG,17 30,CP,03 30,TA,15 56,PI,21 19,CP,10 09,CN
Nov,27,4:22:30,04 25,SG,09 13,SG,14 36,SC,01 13,CP,05 04,SC,28 44,SG,17 35,CP,03 28,TA,15 56,PI,21 21,CP,10 05,CN
Nov,28,4:26:26,05 26,SG,22 57,SG,15 31,SC,02 27,CP,05 43,SC,28 57,SG,17 41,CP,03 26,TA,15 56,PI,21 22,CP,10 02,CN
Nov,29,4:30:23,06 27,SG,06 19,CP,16 32,SC,03 42,CP,06 23,SC,29 10,SG,17 47,CP,03 24,TA,15 56,PI,21 24,CP,09 59,CN
Nov,30,4:34:20,07 28,SG,19 19,CP,17 37,SC,04 56,CP,07 03,SC,29 23,SG,17 53,CP,03 22,TA,15 56,PI,21 25,CP,09 56,CN
Dec,1,4:38:16,08 29,SG,01 58,AQ,18 46,SC,06 10,CP,07 42,SC,29 36,SG,17 59,CP,03 20,TA,15 56,PI,21 27,CP,09 53,CN
Dec,2,4:42:13,09 29,SG,14 18,AQ,19 58,SC,07 25,CP,08 22,SC,29 50,SG,18 05,CP,03 18,TA,15 56,PI,21 29,CP,09 50,CN
Dec,3,4:46:09,10 30,SG,26 24,AQ,21 13,SC,08 39,CP,09 02,SC,00 03,CP,18 11,CP,03 16,TA,15 56,PI,21 30,CP,09 46,CN
Dec,4,4:50:06,11 31,SG,08 21,PI,22 31,SC,09 53,CP,09 41,SC,00 17,CP,18 17,CP,03 15,TA,15 57,PI,21 32,CP,09 43,CN
Dec,5,4:54:02,12 32,SG,20 13,PI,23 51,SC,11 08,CP,10 21,SC,00 30,CP,18 23,CP,03 13,TA,15 57,PI,21 33,CP,09 40,CN
Dec,6,4:57:59,13 33,SG,02 06,AR,25 12,SC,12 22,CP,11 01,SC,00 43,CP,18 30,CP,03 11,TA,15 57,PI,21 35,CP,09 37,CN
Dec,7,5:01:55,14 34,SG,14 04,AR,26 35,SC,13 36,CP,11 41,SC,00 57,CP,18 36,CP,03 09,TA,15 57,PI,21 37,CP,09 34,CN
Dec,8,5:05:52,15 35,SG,26 10,AR,27 60,SC,14 50,CP,12 21,SC,01 10,CP,18 42,CP,03 08,TA,15 58,PI,21 38,CP,09 30,CN
Dec,9,5:09:49,16 36,SG,08 29,TA,29 25,SC,16 05,CP,13 01,SC,01 24,CP,18 49,CP,03 06,TA,15 58,PI,21 40,CP,09 27,CN
Dec,10,5:13:45,17 37,SG,21 03,TA,00 52,SG,17 19,CP,13 40,SC,01 37,CP,18 55,CP,03 05,TA,15 59,PI,21 42,CP,09 24,CN
Dec,11,5:17:42,18 37,SG,03 53,GE,02 19,SG,18 33,CP,14 20,SC,01 51,CP,19 01,CP,03 03,TA,15 59,PI,21 44,CP,09 21,CN
Dec,12,5:21:38,19 38,SG,16 59,GE,03 47,SG,19 47,CP,15 00,SC,02 05,CP,19 08,CP,03 02,TA,15 59,PI,21 45,CP,09 18,CN
Dec,13,5:25:35,20 39,SG,00 20,CN,05 16,SG,21 01,CP,15 40,SC,02 18,CP,19 14,CP,03 00,TA,15 60,PI,21 47,CP,09 15,CN
Dec,14,5:29:31,21 40,SG,13 56,CN,06 45,SG,22 15,CP,16 20,SC,02 32,CP,19 21,CP,02 59,TA,16 01,PI,21 49,CP,09 11,CN
Dec,15,5:33:28,22 41,SG,27 43,CN,08 14,SG,23 29,CP,17 00,SC,02 46,CP,19 28,CP,02 58,TA,16 01,PI,21 51,CP,09 08,CN
Dec,16,5:37:24,23 42,SG,11 39,LE,09 44,SG,24 43,CP,17 40,SC,02 59,CP,19 34,CP,02 56,TA,16 02,PI,21 53,CP,09 05,CN
Dec,17,5:41:21,24 43,SG,25 43,LE,11 15,SG,25 57,CP,18 20,SC,03 13,CP,19 41,CP,02 55,TA,16 02,PI,21 54,CP,09 02,CN
Dec,18,5:45:18,25 45,SG,09 51,VI,12 46,SG,27 11,CP,19 00,SC,03 27,CP,19 47,CP,02 54,TA,16 03,PI,21 56,CP,08 59,CN
Dec,19,5:49:14,26 46,SG,24 02,VI,14 17,SG,28 25,CP,19 40,SC,03 41,CP,19 54,CP,02 53,TA,16 04,PI,21 58,CP,08 56,CN
Dec,20,5:53:11,27 47,SG,08 13,LI,15 48,SG,29 39,CP,20 20,SC,03 54,CP,20 01,CP,02 51,TA,16 05,PI,21 60,CP,08 52,CN
Dec,21,5:57:07,28 48,SG,22 22,LI,17 19,SG,00 53,AQ,21 00,SC,04 08,CP,20 08,CP,02 50,TA,16 05,PI,22 02,CP,08 49,CN
Dec,22,6:01:04,29 49,SG,06 28,SC,18 51,SG,02 07,AQ,21 41,SC,04 22,CP,20 14,CP,02 49,TA,16 06,PI,22 04,CP,08 46,CN
Dec,23,6:05:00,00 50,CP,20 26,SC,20 23,SG,03 21,AQ,22 21,SC,04 36,CP,20 21,CP,02 48,TA,16 07,PI,22 06,CP,08 43,CN
Dec,24,6:08:57,01 51,CP,04 15,SG,21 56,SG,04 35,AQ,23 01,SC,04 50,CP,20 28,CP,02 47,TA,16 08,PI,22 07,CP,08 40,CN
Dec,25,6:12:53,02 52,CP,17 51,SG,23 28,SG,05 49,AQ,23 41,SC,05 03,CP,20 35,CP,02 46,TA,16 09,PI,22 09,CP,08 36,CN
Dec,26,6:16:50,03 53,CP,01 14,CP,25 01,SG,07 03,AQ,24 21,SC,05 17,CP,20 42,CP,02 46,TA,16 10,PI,22 11,CP,08 33,CN
Dec,27,6:20:47,04 55,CP,14 20,CP,26 34,SG,08 16,AQ,25 02,SC,05 31,CP,20 49,CP,02 45,TA,16 11,PI,22 13,CP,08 30,CN
Dec,28,6:24:43,05 56,CP,27 10,CP,28 07,SG,09 30,AQ,25 42,SC,05 45,CP,20 56,CP,02 44,TA,16 12,PI,22 15,CP,08 27,CN
Dec,29,6:28:40,06 57,CP,09 44,AQ,29 41,SG,10 44,AQ,26 22,SC,05 59,CP,21 03,CP,02 43,TA,16 13,PI,22 17,CP,08 24,CN
Dec,30,6:32:36,07 58,CP,22 03,AQ,01 15,CP,11 57,AQ,27 02,SC,06 13,CP,21 10,CP,02 43,TA,16 14,PI,22 19,CP,08 21,CN
Dec,31,6:36:33,08 59,CP,04 10,PI,02 49,CP,13 11,AQ,27 43,SC,06 26,CP,21 17,CP,02 42,TA,16 15,PI,22 21,CP,08 17,CN