TITHI,TITHIEND,TITHI2,TITHIEND,NAKSHATRA,NAKSHATRAEND,NAKSHATRA2,NAKSHATRA2END,YOGA,YOGAEND,YOGA2,YOGA2END,KARANA,KARANAEND,KARANA2,KARANA2END,KARANA3,KARANA3END,
Tithi - Ekadashi ,1:28 AM,Tithi - None,None,Nakshatra - Swati ,08:45AM,Nakshatra - None,None,Yoga - Dhriti ,2:43 AM,Yoga - None,None,Karana - Bava ,1:18 PM,Karana - Balava ,1:28 AM,Karana - None,None,
Tithi - Dwadashi ,2:10 AM,Tithi - None,None,Nakshatra - Vishakha ,9:40 AM,Nakshatra - None,None,Yoga - Shula ,2:05 AM,Yoga - None,None,Karana - Kaulava ,1:46 PM,Karana - Taitila ,2:10 AM,Karana - None,None,
Tithi - Trayodashi ,3:21 AM,Tithi - None,None,Nakshatra - Anuradha ,11:04 AM,Nakshatra - None,None,Yoga - Ganda ,1:49 AM,Yoga - None,None,Karana - Garaja ,2:42 PM,Karana - Vanija ,3:21 AM,Karana - None,None,
Tithi - Chaturdashi ,4:58 AM,Tithi - None,None,Nakshatra - Jyeshtha ,12:54 PM,Nakshatra - None,None,Yoga - Vriddhi ,1:52 AM,Yoga - None,None,Karana - Vishti ,4:06 PM,Karana - Shakuni ,4:58 AM,Karana - None,None,
Tithi - Amavasya ,6:58 AM,Tithi - None,None,Nakshatra - Mula ,3:08 PM,Nakshatra - None,None,Yoga - Dhruva ,2:14 AM,Yoga - None,None,Karana - Chatushpada ,5:55 PM,Karana - Nagava ,6:58 AM,Karana - None,None,
Tithi - Pratipada ,Full Night,Tithi - None,None,Nakshatra - Purva Ashadha ,5:44 PM,Nakshatra - None,None,Yoga - Vyaghata ,2:51 AM,Yoga - None,None,Karana - Kinstughna ,8:06 PM,Karana - Bava ,Full Night,Karana - None,None,
Tithi - Pratipada ,9:18 AM,Tithi - None,None,Nakshatra - Uttara Ashadha ,8:37 PM,Nakshatra - None,None,Yoga - Harshana ,3:40 AM,Yoga - None,None,Karana - Bava ,9:18 AM,Karana - Balava ,10:35 PM,Karana - None,None,
Tithi - Dwitiya ,11:54 AM,Tithi - None,None,Nakshatra - Shravana ,11:41 PM,Nakshatra - None,None,Yoga - Vajra ,4:37 AM,Yoga - None,None,Karana - Kaulava ,11:54 AM,Karana - Taitila ,1:16 AM,Karana - None,None,
Tithi - Tritiya ,2:38 PM,Tithi - None,None,Nakshatra - Dhanishtha ,2:50 AM,Nakshatra - None,None,Yoga - Siddhi ,5:36 AM,Yoga - None,None,Karana - Garaja ,2:38 PM,Karana - Vanija ,4:01 AM,Karana - None,None,
Tithi - Chaturthi ,5:22 PM,Tithi - None,None,Nakshatra - Shatabhisha ,5:55 AM,Nakshatra - None,None,Yoga - Vyatipata ,6:31 AM,Yoga - None,None,Karana - Vishti ,5:22 PM,Karana - Bava ,6:40 AM,Karana - None,None,
Tithi - Panchami ,7:54 PM,Tithi - None,None,Nakshatra - Purva Bhadrapada ,Full Night,Nakshatra - None,None,Yoga - Varigha ,7:14 AM,Yoga - None,None,Karana - Balava ,7:54 PM,Karana - Kaulava ,Full Night,Karana - None,None,
Tithi - Shashthi ,10:05 PM,Tithi - None,None,Nakshatra - Purva Bhadrapada ,8:44 AM,Nakshatra - None,None,Yoga - Parigha ,Full Night,Yoga - None,None,Karana - Kaulava ,9:03 AM,Karana - Taitila upto1,12:05 PM,Karana - None,None,
Tithi - Saptami ,11:42 PM,Tithi - None,None,Nakshatra - Uttara Bhadrapada ,11:07 AM,Nakshatra - None,None,Yoga - Parigha ,7:37 AM,Yoga - None,None,Karana - Garaja ,10:58 AM,Karana - Vanija ,11:42 PM,Karana - None,None,
Tithi - Ashtami ,12:37 AM,Tithi - None,None,Nakshatra - Revati ,12:53 PM,Nakshatra - None,None,Yoga - Shiva ,7:32 AM,Yoga - Siddha ,6:54 AM,Karana - Vishti ,12:15 PM,Karana - Bava ,12:37 AM,Karana - None,None,
Tithi - Navami ,12:45 AM,Tithi - None,None,Nakshatra - Ashwini ,1:57 PM,Nakshatra - None,None,Yoga - Sadhya ,5:39 AM,Yoga - None,None,Karana - Balava ,12:47 PM,Karana - Kaulava ,12:45 AM,Karana - None,None,
Tithi - Dashami ,12:03 AM,Tithi - None,None,Nakshatra - Bharani ,2:13 PM,Nakshatra - None,None,Yoga - Shubha ,3:45 AM,Yoga - None,None,Karana - Taitila ,12:30 PM,Karana - Garaja ,12:03 AM,Karana - None,None,
Tithi - Ekadashi ,10:34 PM,Tithi - None,None,Nakshatra - Krittika ,1:41 PM,Nakshatra - None,None,Yoga - Shukla ,1:15 AM,Yoga - None,None,Karana - Vanija ,11:25 AM,Karana - Vishti ,10:34 PM,Karana - None,None,
Tithi - Dwadashi ,8:22 PM,Tithi - None,None,Nakshatra - Rohini ,12:26 PM,Nakshatra - None,None,Yoga - Brahma ,10:11 PM,Yoga - None,None,Karana - Bava ,9:33 AM,Karana - Balava ,8:22 PM,Karana - Kaulava ,7:02 AM,
Tithi - Trayodashi ,5:34 PM,Tithi - None,None,Nakshatra - Mrigashirsha ,10:32 AM,Nakshatra - None,None,Yoga - Indra ,6:38 PM,Yoga - None,None,Karana - Taitila ,5:34 PM,Karana - Garaja ,4:00 AM,Karana - None,None,
Tithi - Chaturdashi ,2:19 PM,Tithi - None,None,Nakshatra - Ardra ,8:08 AM,Nakshatra - Punarvasu ,5:23 AM,Yoga - Vaidhriti ,2:44 PM,Yoga - None,None,Karana - Vanija ,2:19 PM,Karana - Vishti ,12:34 AM,Karana - None,None,
Tithi - Purnima ,10:46 AM,Tithi - Pratipada ,7:05 AM,Nakshatra - Pushya ,2:28 AM,Nakshatra - None,None,Yoga - Vishkambha ,10:35 AM,Yoga - Priti ,6:19 AM,Karana - Bava ,10:46 AM,Karana - Balava ,8:56 PM,Karana - Kaulava ,7:05 AM,
Tithi - Dwitiya ,3:26 AM,Tithi - None,None,Nakshatra - Ashlesha ,11:32 PM,Nakshatra - None,None,Yoga - Ayushman ,2:05 AM,Yoga - None,None,Karana - Taitila ,5:14 PM,Karana - Garaja ,3:26 AM,Karana - None,None,
Tithi - Tritiya ,11:59 PM,Tithi - None,None,Nakshatra - Magha ,8:47 PM,Nakshatra - None,None,Yoga - Saubhagya ,10:00 PM,Yoga - None,None,Karana - Vanija ,1:40 PM,Karana - Vishti ,11:59 PM,Karana - None,None,
Tithi - Chaturthi ,8:54 PM,Tithi - None,None,Nakshatra - Purva Phalguni ,6:22 PM,Nakshatra - None,None,Yoga - Shobhana ,6:13 PM,Yoga - None,None,Karana - Bava ,10:23 AM,Karana - Balava ,8:54 PM,Karana - None,None,
Tithi - Panchami ,6:18 PM,Tithi - None,None,Nakshatra - Uttara Phalguni ,4:26 PM,Nakshatra - None,None,Yoga - Atiganda ,2:48 PM,Yoga - None,None,Karana - Kaulava ,7:32 AM,Karana - Taitila ,6:18 PM,Karana - Garaja ,5:14 AM,
Tithi - Shashthi ,4:19 PM,Tithi - None,None,Nakshatra - Hasta ,3:05 PM,Nakshatra - None,None,Yoga - Sukarman ,11:53 AM,Yoga - None,None,Karana - Vanija ,4:19 PM,Karana - Vishti ,3:35 AM,Karana - None,None,
Tithi - Saptami ,3:02 PM,Tithi - None,None,Nakshatra - Chitra ,2:25 PM,Nakshatra - None,None,Yoga - Dhriti ,9:30 AM,Yoga - None,None,Karana - Bava ,3:02 PM,Karana - Balava ,2:40 AM,Karana - None,None,
Tithi - Ashtami ,2:29 PM,Tithi - None,None,Nakshatra - Swati ,2:29 PM,Nakshatra - None,None,Yoga - Shula ,7:42 AM,Yoga - Ganda ,6:28 AM,Karana - Kaulava ,2:29 PM,Karana - Taitila ,2:30 AM,Karana - None,None,
Tithi - Navami ,2:41 PM,Tithi - None,None,Nakshatra - Vishakha ,3:15 PM,Nakshatra - None,None,Yoga - Vriddhi ,5:48 AM,Yoga - None,None,Karana - Garaja ,2:41 PM,Karana - Vanija ,3:02 AM,Karana - None,None,
Tithi - Dashami ,3:33 PM,Tithi - None,None,Nakshatra - Anuradha ,4:41 PM,Nakshatra - None,None,Yoga - Dhruva ,5:36 AM,Yoga - None,None,Karana - Vishti ,3:33 PM,Karana - Bava ,4:13 AM,Karana - None,None,
Tithi - Ekadashi ,5:02 PM,Tithi - None,None,Nakshatra - Jyeshtha ,6:41 PM,Nakshatra - None,None,Yoga - Vyaghata ,5:49 AM,Yoga - None,None,Karana - Balava ,5:02 PM,Karana - Kaulava ,5:57 AM,Karana - None,None,
Tithi - Dwadashi ,6:59 PM,Tithi - None,None,Nakshatra - Mula ,9:08 PM,Nakshatra - None,None,Yoga - Harshana ,6:20 AM,Yoga - None,None,Karana - Taitila ,6:59 PM,Karana - Garaja,Full Night,Karana - None,None,
Tithi - Trayodashi ,9:19 PM,Tithi - None,None,Nakshatra - Purva Ashadha ,11:55 PM,Nakshatra - None,None,Yoga - Vajra ,7:06 AM,Yoga - None,None,Karana - Garaja ,8:07 AM,Karana - Vanija ,9:19 PM,Karana - None,None,
Tithi - Chaturdashi ,11:52 PM,Tithi - None,None,Nakshatra - Uttara Ashadha ,2:56 AM,Nakshatra - None,None,Yoga - Siddhi ,Full Night,Yoga - None,None,Karana - Vishti ,10:34 AM,Karana - Shakuni ,11:52 PM,Karana - None,None,
Tithi - Amavasya ,2:33 AM,Tithi - None,None,Nakshatra - Shravana ,6:02 AM,Nakshatra - None,None,Yoga - Siddhi ,8:00 AM,Yoga - None,None,Karana - Chatushpada ,1:12 PM,Karana - Nagava ,2:33 AM,Karana - None,None,
Tithi - Pratipada ,5:15 AM,Tithi - None,None,Nakshatra - Dhanishtha ,Full Night,Nakshatra - None,None,Yoga - Vyatipata ,8:58 AM,Yoga - None,None,Karana - Kinstughna ,3:55 PM,Karana - Bava ,5:15 AM,Karana - None,None,
Tithi - Dwitiya,Full Night,Tithi - None,None,Nakshatra - Dhanishtha ,9:09 AM,Nakshatra - None,None,Yoga - Varigha ,9:56 AM,Yoga - None,None,Karana - Balava ,6:35 PM,Karana - Kaulava ,Full Night,Karana - None,None,
Tithi - Dwitiya ,7:52 AM,Tithi - None,None,Nakshatra - Shatabhisha ,12:10 PM,Nakshatra - None,None,Yoga - Parigha ,10:49 AM,Yoga - None,None,Karana - Kaulava ,7:52 AM,Karana - Taitila ,9:07 PM,Karana - None,None,
Tithi - Tritiya ,10:18 AM,Tithi - None,None,Nakshatra - Purva Bhadrapada ,2:59 PM,Nakshatra - None,None,Yoga - Shiva ,11:34 AM,Yoga - None,None,Karana - Garaja ,10:18 AM,Karana - Vanija ,11:24 PM,Karana - None,None,
Tithi - Chaturthi ,12:26 PM,Tithi - None,None,Nakshatra - Uttara Bhadrapada ,5:31 PM,Nakshatra - None,None,Yoga - Siddha ,12:05 PM,Yoga - None,None,Karana - Vishti ,12:26 PM,Karana - Bava ,1:21 AM,Karana - None,None,
Tithi - Panchami ,2:09 PM,Tithi - None,None,Nakshatra - Revati ,7:38 PM,Nakshatra - None,None,Yoga - Sadhya ,12:18PM,Yoga - None,None,Karana - Balava ,2:09 PM,Karana - Kaulava ,2:49 AM,Karana - None,None,
Tithi - Shashthi,3:20 PM,Tithi - None,None,Nakshatra - Ashwini ,9:13 PM,Nakshatra - None,None,Yoga - Shubha ,12:08 PM,Yoga - None,None,Karana - Taitila ,3:20 PM,Karana - Garaja ,3:42 AM,Karana - None,None,
Tithi - Saptami ,3:54 PM,Tithi - None,None,Nakshatra - Bharani ,10:11 PM,Nakshatra - None,None,Yoga - Shukla ,11:29 AM,Yoga - None,None,Karana - Vanija ,3:54 PM,Karana - Vishti upto,03:56AM,Karana - None,None,
Tithi - Ashtami ,3:46 PM,Tithi - None,None,Nakshatra - Krittika ,10:28 PM,Nakshatra - None,None,Yoga - Brahma,10:19 AM,Yoga - None,None,Karana - Bava ,3:46 PM,Karana - Balava ,3:26 AM,Karana - None,None,
Tithi - Navami ,2:54 PM,Tithi - None,None,Nakshatra - Rohini ,10:02 PM,Nakshatra - None,None,Yoga - Indra upto0,8:35 AM,Yoga - Vaidhriti ,6:17 AM,Karana - Kaulava ,2:54 PM,Karana - Taitila ,2:12 AM,Karana - None,None,
Tithi - Dashami ,1:19 PM,Tithi - None,None,Nakshatra - Mrigashirsha ,8:53 PM,Nakshatra - None,None,Yoga - Vishkambha ,3:24 AM,Yoga - None,None,Karana - Garaja ,1:19 PM,Karana - Vanija ,12:15 AM,Karana - None,None,
Tithi - Ekadashi ,11:02 AM,Tithi - None,None,Nakshatra - Ardra ,7:06 PM,Nakshatra - None,None,Yoga - Priti ,12:02 AM,Yoga - None,None,Karana - Vishti ,11:02 AM,Karana - Bava ,9:40 PM,Karana - None,None,
Tithi - Dwadashi ,8:10 AM,Tithi - Trayodashi ,4:50 AM,Nakshatra - Punarvasu ,4:46 PM,Nakshatra - None,None,Yoga - Ayushman ,8:14 PM,Yoga - None,None,Karana - Balava ,8:10 AM,Karana - Kaulava ,6:33 PM,Karana - Taitila ,4:50 AM,
Tithi - Chaturdashi ,1:11 AM,Tithi - None,None,Nakshatra - Pushya ,2:02 PM,Nakshatra - None,None,Yoga - Saubhagya ,4:08 PM,Yoga - None,None,Karana - Garaja ,3:02 PM,Karana - Vanija ,1:11 AM,Karana - None,None,
Tithi - Purnima ,9:23 PM,Tithi - None,None,Nakshatra - Ashlesha ,11:03 AM,Nakshatra - None,None,Yoga - Shobhana ,11:50 AM,Yoga - None,None,Karana - Vishti ,11:18 AM,Karana - Bava ,9:23 PM,Karana - None,None,
Tithi - Pratipada ,5:36 PM,Tithi - None,None,Nakshatra - Magha ,8:00 AM,Nakshatra - Purva Phalguni ,5:04 AM,Yoga - Atiganda ,7:29 AM,Yoga - Sukarman ,3:14 AM,Karana - Balava ,7:29 AM,Karana - Kaulava ,5:36 PM,Karana - Taitila ,3:47 AM,
Tithi - Dwitiya ,2:02 PM,Tithi - None,None,Nakshatra - Uttara Phalguni ,2:27 AM,Nakshatra - None,None,Yoga - Dhriti ,11:13 PM,Yoga - None,None,Karana - Garaja ,2:02 PM,Karana - Vanija ,12:22 AM,Karana - None,None,
Tithi - Tritiya ,10:50 AM,Tithi - None,None,Nakshatra - Hasta ,12:18 AM,Nakshatra - None,None,Yoga - Shula ,7:34 PM,Yoga - None,None,Karana - Vishti ,10:50 AM,Karana - Bava ,9:26 PM,Karana - None,None,
Tithi - Chaturthi ,8:11 AM,Tithi - Panchami ,6:13 AM,Nakshatra - Chitra ,10:48 PM,Nakshatra - None,None,Yoga - Ganda ,4:26 PM,Karana - Balava ,8:11 AM,Karana - Kaulava ,7:06 PM,Karana - Taitila ,6:13 AM,Karana - None,None,
Tithi - Shashthi ,5:04 AM,Tithi - None,None,Nakshatra - Swati ,10:03 PM,Nakshatra - None,None,Yoga - Vriddhi ,1:53 PM,Yoga - None,None,Karana - Garaja ,5:32 PM,Karana - Vanija ,5:04 AM,Karana - None,None,
Tithi - Saptami ,4:47 AM,Tithi - None,None,Nakshatra - Vishakha ,10:09 PM,Nakshatra - None,None,Yoga - Dhruva ,12:00 PM,Yoga - None,None,Karana - Vishti ,4:49 PM,Karana - Bava ,4:47 AM,Karana - None,None,
Tithi - Ashtami ,5:21 AM,Tithi - None,None,Nakshatra - Anuradha ,11:04 PM,Nakshatra - None,None,Yoga - Vyaghata ,10:48 AM,Yoga - None,None,Karana - Balava ,4:57 PM,Karana - Kaulava ,5:21 AM,Karana - None,None,
Tithi - Navami ,6:41 AM,Tithi - None,None,Nakshatra - Jyeshtha ,12:46 AM,Nakshatra - None,None,Yoga - Harshana ,10:14 AM,Yoga - None,None,Karana - Taitila ,5:55 PM,Karana - Garaja ,6:41 AM,Karana - None,None,
Tithi - Dashami ,Full Night,Tithi - None,None,Nakshatra - Mula ,3:07 AM,Nakshatra - None,None,Yoga - Vajra ,10:15 AM,Yoga - None,None,Karana - Vanija ,7:36 PM,Karana - Vishti ,Full Night,Karana - None,None,
Tithi - Dashami ,8:39 AM,Tithi - None,None,Nakshatra - Purva Ashadha ,5:55 AM,Nakshatra - None,None,Yoga - Siddhi ,10:44 AM,Yoga - None,None,Karana - Vishti ,8:39 AM,Karana -Bava ,9:49 PM,Karana - None,None,
Tithi - Ekadashi ,11:04 AM,Tithi - None,None,Nakshatra - Uttara Ashadha ,Full Night,Nakshatra - None,None,Yoga - Vyatipata ,11:32 AM,Yoga - None,None,Karana - Balava ,11:04 AM,Karana - Kaulava ,12:23 AM,Karana - None,None,
Tithi - Dwadashi ,1:45 PM,Tithi - None,None,Nakshatra - Uttara Ashadha ,9:01 AM,Nakshatra - None,None,Yoga - Varigha ,12:32 PM,Yoga - None,None,Karana - Taitila ,1:45 PM,Karana - Garaja,3:07 AM,Karana - None,None,
Tithi - Trayodashi ,4:29 PM,Tithi - None,None,Nakshatra - Shravana ,12:11 PM,Nakshatra - None,None,Yoga - Parigha ,1:34 PM,Yoga - None,None,Karana - Vanija ,4:29 PM,Karana - Vishti upto,5:49 AM,Karana - None,None,
Tithi - Chaturdashi ,7:07 PM,Tithi - None,None,Nakshatra - Dhanishtha ,3:18 PM,Nakshatra - None,None,Yoga - Shiva ,2:33 PM,Yoga - None,None,Karana - Shakuni ,7:07 PM,Karana - Chatushpada ,Full Night,Karana - None,None,
Tithi - Amavasya ,9:34 PM,Tithi - None,None,Nakshatra - Shatabhisha ,6:14 PM,Nakshatra - None,None,Yoga - Siddha ,3:25 PM,Yoga - None,None,Karana - Chatushpada ,8:22 AM,Karana - Nagava upto0,9:34 PM,Karana - None,None,
Tithi - Pratipada ,11:44 PM,Tithi - None,None,Nakshatra - Purva Bhadrapada ,8:55 PM,Nakshatra - None,None,Yoga - Sadhya ,4:04 PM,Yoga - None,None,Karana - Kinstughna ,10:41 AM,Karana - Bava ,11:44 PM,Karana - None,None,
Tithi - Dwitiya ,1:34 AM,Tithi - None,None,Nakshatra - Uttara Bhadrapada ,11:17 PM,Nakshatra - None,None,Yoga - Shubha ,4:30 PM,Yoga - None,None,Karana - Balava ,12:41 PM,Karana - Kaulava ,1:34 AM,Karana - None,None,
Tithi - Tritiya ,3:02 AM,Tithi - None,None,Nakshatra - Revati ,1:19 AM,Nakshatra - None,None,Yoga - Shukla ,4:40 PM,Yoga - None,None,Karana - Taitila ,2:21 PM,Karana - Garaja ,3:02 AM,Karana - None,None,
Tithi - Chaturthi ,4:06 AM,Tithi - None,None,Nakshatra - Ashwini ,2:58 AM,Nakshatra - None,None,Yoga - Brahma ,4:32 PM,Yoga - None,None,Karana - Vanija ,3:38 PM,Karana - Vishti ,4:06 AM,Karana - None,None,
Tithi - Panchami ,4:43 AM,Tithi - None,None,Nakshatra - Bharani ,4:11 AM,Nakshatra - None,None,Yoga - Indra ,4:04 PM,Yoga - None,None,Karana - Bava ,4:28 PM,Karana - Balava ,4:43 AM,Karana - None,None,
Tithi - Shashthi ,4:50 AM,Tithi - None,None,Nakshatra - Krittika ,4:54 AM,Nakshatra - None,None,Yoga - Vaidhriti ,3:15 PM,Yoga - None,None,Karana - Kaulava ,4:50 PM,Karana - Taitila ,4:50 AM,Karana - None,None,
Tithi - Saptami ,4:23 AM,Tithi - None,None,Nakshatra - Rohini ,5:05:00 AM 03/14/2019,Nakshatra - None,None,Yoga - Vishkambha ,2:01 PM,Yoga - None,None,Karana - Garaja ,4:41 PM,Karana - Vanija ,4:23 AM,Karana - None,None,
Tithi - Ashtami ,3:21 AM,Tithi - None,None,Nakshatra - Mrigashirsha ,04:43AM 03/15/2019,Nakshatra - None,None,Yoga - Priti ,12:21 PM,Yoga - None,None,Karana - Vishti ,3:57 PM,Karana - Bava ,3:21 AM,Karana - None,None,
Tithi - Navami ,1:44 AM,Tithi - None,None,Nakshatra - Ardra ,3:45 AM,Nakshatra - None,None,Yoga - Ayushman ,10:13 AM,Yoga - None,None,Karana - Balava ,2:37 PM,Karana - Kaulava ,1:44 AM,Karana - None,None,
Tithi - Dashami ,11:33 PM,Tithi - None,None,Nakshatra - Punarvasu ,2:14 AM,Nakshatra - None,None,Yoga - Saubhagya ,7:37 AM,Yoga - Shobhana ,4:33 AM,Karana - Taitila ,12:43 PM,Karana - Garaja ,11:33 PM,Karana - None,None,
Tithi - Ekadashi ,8:51 PM,Tithi - None,None,Nakshatra - Pushya ,12:12 AM,Nakshatra - None,None,Yoga - Atiganda ,1:06 AM,Yoga - None,None,Karana - Vanija ,10:15 AM,Karana - Vishti ,8:51 PM,Karana - None,None,
Tithi - Dwadashi ,5:43 PM,Tithi - None,None,Nakshatra - Ashlesha ,9:47 PM,Nakshatra - None,None,Yoga - Sukarman ,9:19 PM,Yoga - None,None,Karana - Bava ,7:20 AM,Karana - Balava ,5:43 PM,Karana - Kaulava ,4:02 AM,
Tithi - Trayodashi ,2:18 PM,Tithi - None,None,Nakshatra - Magha ,7:05 PM,Nakshatra - None,None,Yoga - Dhriti ,5:18 PM,Yoga - None,None,Karana - Taitila ,2:18 PM,Karana - Garaja ,12:32 AM,Karana - None,None,
Tithi - Chaturdashi ,10:45 AM,Tithi - None,None,Nakshatra - Purva Phalguni ,4:18 PM,Nakshatra - None,None,Yoga - Shula ,1:12 PM,Yoga - None,None,Karana - Vanija ,10:45 AM,Karana - Vishti ,8:58 PM,Karana - None,None,
Tithi - Purnima ,7:12 AM,Tithi - Pratipada ,3:52 AM,Nakshatra - Uttara Phalguni ,1:34 PM,Nakshatra - None,None,Yoga - Ganda ,9:08 AM,Yoga - Vriddhi,5:15 AM,Karana - Bava ,7:12 AM,Karana - Balava upto0,5:30 PM,Karana - Kaulava ,3:52 AM,
Tithi - Dwitiya ,12:55 AM,Tithi - None,None,Nakshatra - Hasta ,11:07 AM,Nakshatra - None,None,Yoga - Dhruva ,1:42 AM,Yoga - None,None,Karana - Taitila ,2:20 PM,Karana - Garaja,12:55 AM,Karana - None,None,
Tithi - Tritiya ,10:32 PM,Tithi - None,None,Nakshatra - Chitra ,9:06 AM,Nakshatra - None,None,Yoga - Vyaghata upto1,12:37 PM,Yoga - None,None,Karana - Vanija ,11:39 AM,Karana - Vishti ,10:32 PM,Karana - None,None,
Tithi - Chaturthi ,8:51 PM,Tithi - None,None,Nakshatra - Swati ,7:42 AM,Nakshatra - None,None,Yoga - Harshana upto0,8:06 PM,Yoga - None,None,Karana - Bava ,9:36 AM,Karana - Balava ,8:51 PM,Karana - None,None,
Tithi - Panchami ,8:00 PM,Tithi - None,None,Nakshatra - Vishakha ,7:04 AM,Nakshatra - None,None,Yoga - Vajra ,6:15 PM,Yoga - None,None,Karana - Kaulava ,8:19 AM,Karana - Taitila ,8:00 PM,Karana - None,None,
Tithi - Shashthi ,8:02 PM,Tithi - None,None,Nakshatra - Anuradha ,7:16 AM,Nakshatra - None,None,Yoga - Siddhi ,5:05 PM,Yoga - None,None,Karana - Garaja ,7:54 AM,Karana - Vanija upto0,8:02 PM,Karana - None,None,
Tithi - Saptami ,8:55 PM,Tithi - None,None,Nakshatra - Jyeshtha ,8:20 AM,Nakshatra - None,None,Yoga - Vyatipata ,4:36 PM,Yoga - None,None,Karana - Vishti ,8:22 AM,Karana - Bava ,8:55 PM,Karana - None,None,
Tithi - Ashtami ,10:34 PM,Tithi - None,None,Nakshatra - Mula ,10:11 AM,Nakshatra - None,None,Yoga - Varigha,4:43 PM,Yoga - None,None,Karana - Balava ,9:39 AM,Karana - Kaulava ,10:34PM,Karana - None,None,
Tithi - Navami ,12:48 AM,Tithi - None,None,Nakshatra - Purva Ashadha ,12:42PM,Nakshatra - None,None,Yoga - Parigha ,5:19 PM,Yoga - None,None,Karana - Taitila ,11:38 AM,Karana - Garaja ,12:48 AM,Karana - None,None,
Tithi - Dashami ,3:23 AM,Tithi - None,None,Nakshatra - Uttara Ashadha ,3:39 PM,Nakshatra - None,None,Yoga - Shiva ,6:14 PM,Yoga - None,None,Karana - Vanija ,2:04 PM,Karana - Vishti ,3:23 AM,Karana - None,None,
Tithi - Ekadashi ,6:04 AM,Tithi - None,None,Nakshatra - Shravana ,6:48 PM,Nakshatra - None,None,Yoga - Siddha ,7:17 PM,Yoga - None,None,Karana - Bava ,4:44 PM,Karana - Balava ,6:04 AM,Karana - None,None,
Tithi - Dwadashi ,Full Night,Tithi - None,None,Nakshatra - Dhanishtha ,9:55 PM,Nakshatra - None,None,Yoga - Sadhya ,8:19 PM,Yoga - None,None,Karana - Kaulava ,7:23 PM,Karana - Taitila ,Full Night,Karana - None,None,
Tithi - Dwadashi ,8:38 AM,Tithi - None,None,Nakshatra - Shatabhisha ,12:50 AM,Nakshatra - None,None,Yoga - Shubha ,9:12 PM,Yoga - None,None,Karana - Taitila ,8:38 AM,Karana - Garaja ,9:50 PM,Karana - None,None,
Tithi - Trayodashi ,10:56 AM,Tithi - None,None,Nakshatra - Purva Bhadrapada ,3:25 AM,Nakshatra - None,None,Yoga - Shukla ,9:50 PM,Yoga - None,None,Karana - Vanija ,10:56 AM,Karana - Vishti ,11:57 PM,Karana - None,None,
Tithi - Chaturdashi ,12:51 PM,Tithi - None,None,Nakshatra - Uttara Bhadrapada ,5:37 AM,Nakshatra - None,None,Yoga - Brahma ,10:09 PM,Yoga - None,None,Karana - Shakuni ,12:51 PM,Karana - Chatushpada ,1:39 AM,Karana - None,None,
Tithi - Amavasya ,2:20 PM,Tithi - None,None,Nakshatra - Revati ,Full Night,Nakshatra - None,None,Yoga - Indra ,10:08 PM,Yoga - None,None,Karana - Nagava ,2:20 PM,Karana - Kinstughna ,2:55 AM,Karana - None,None,
Tithi - Pratipada ,3:23 PM,Tithi - None,None,Nakshatra - Revati ,7:23 AM,Nakshatra - None,None,Yoga - Vaidhriti upto0,9:48 PM,Yoga - None,None,Karana - Bava ,3:23 PM,Karana - Balava ,3:45 AM,Karana - None,None,
Tithi - Dwitiya ,4:01 PM,Tithi - None,None,Nakshatra - Ashwini ,8:45 AM,Nakshatra - None,None,Yoga - Vishkambha ,9:09 PM,Yoga - None,None,Karana - Kaulava ,4:01 PM,"Karana - Taitila """,4:11 AM,Karana - None,None,
Tithi - Tritiya ,4:16 PM,Tithi - None,None,Nakshatra - Bharani ,9:44 AM,Nakshatra - None,None,Yoga - Priti ,08:12PM,Yoga - None,None,Karana - Garaja ,4:16 PM,Karana - Vanija ,4:14 AM,Karana - None,None,
Tithi - Chaturthi ,4:07 PM,Tithi - None,None,Nakshatra - Krittika ,10:20 AM,Nakshatra - None,None,Yoga - Ayushman ,6:57 PM,Yoga - None,None,Karana - Vishti ,4:07 PM,"Karana - Bava """,3:54 AM,Karana - None,None,
Tithi - Panchami ,3:36 PM,Tithi - None,None,Nakshatra - Rohini ,10:34 AM,Nakshatra - None,None,Yoga - Saubhagya ,5:25 PM,Yoga - None,None,Karana - Balava ,3:36 PM,Karana - Kaulava ,3:12 AM,Karana - None,None,
Tithi - Shashthi ,2:42 PM,Tithi - None,None,Nakshatra - Mrigashirsha ,10:26 AM,Nakshatra - None,None,Yoga - Shobhana ,3:34 PM,Yoga - None,None,Karana - Taitila ,2:42 PM,Karana - Garaja ,2:06 AM,Karana - None,None,
Tithi - Saptami ,1:24 PM,Tithi - None,None,Nakshatra - Ardra ,9:55 AM,Nakshatra - None,None,Yoga - Atiganda ,1:24 PM,Yoga - None,None,Karana - Vanija ,1:24 PM,"Karana - Vishti """,12:35AM,Karana - None,None,
Tithi - Ashtami ,11:41 AM,Tithi - None,None,Nakshatra - Punarvasu ,8:59 AM,Nakshatra - None,None,Yoga - Sukarman ,10:55 AM,Yoga - None,None,Karana - Bava ,11:41 AM,Karana - Balava ,10:41 PM,Karana - None,None,
Tithi - Navami ,9:36 AM,Tithi - None,None,Nakshatra - Pushya ,7:41 AM,Nakshatra - Ashlesha ,6:00 AM,Yoga - Dhriti ,8:07 AM,Yoga - Shula ,5:01 AM,Karana - Kaulava ,9:36 AM,Karana - Taitila upto0,8:24 PM,Karana - None,None,
Tithi - Dashami ,7:08 AM,Tithi - Ekadashi ,4:23 AM,Nakshatra - Magha ,4:02 AM,Nakshatra - None,None,Yoga - Ganda ,1:40 AM,Yoga - None,None,Karana - Garaja ,7:08 AM,Karana - Vanija ,5:47 PM,Karana - Vishti,4:23 AM,
Tithi - Dwadashi ,1:26 AM,Tithi - None,None,Nakshatra - Purva Phalguni ,1:51 AM,Nakshatra - None,None,Yoga - Vriddhi ,10:09 PM,Yoga - None,None,Karana - Bava ,2:55 PM,Karana - Balava ,1:26 AM,Karana - None,None,
Tithi - Trayodashi ,10:24 PM,Tithi - None,None,Nakshatra - Uttara Phalguni ,11:36 PM,Nakshatra - None,None,Yoga - Dhruva ,6:33 PM,Yoga - None,None,Karana - Kaulava ,11:55 AM,Karana - Taitila ,10:24 PM,Karana - None,None,
Tithi - Chaturdashi ,7:26 PM,Tithi - None,None,Nakshatra - Hasta ,9:26 PM,Nakshatra - None,None,Yoga - Vyaghata ,2:58 PM,Yoga - None,None,Karana - Garaja ,8:54 AM,Karana - Vanija ,7:26 PM,Karana - Vishti ,6:02 AM,
Tithi - Purnima ,4:42 PM,Tithi - None,None,Nakshatra - Chitra ,7:30 PM,Nakshatra - None,None,Yoga - Harshana upto1,1:34 AM,Yoga - None,None,Karana - Bava ,4:42 PM,Karana - Balava ,3:28 AM,Karana - None,None,
Tithi - Pratipada ,2:21 PM,Tithi - None,None,Nakshatra - Swati ,5:59 PM,Nakshatra - None,None,Yoga - Vajra ,8:26 AM,Yoga - Siddhi ,5:44 AM,Karana - Kaulava ,02:21PM,Karana - Taitila ,1:22 AM,Karana - None,None,
Tithi - Dwitiya ,12:32 PM,Tithi - None,None,Nakshatra - Vishakha ,5:02 PM,Nakshatra - None,None,Yoga - Vyatipata ,3:33 AM,Yoga - None,None,Karana - Garaja ,12:32 PM,Karana - Vanija ,11:53 PM,Karana - None,None,
Tithi - Tritiya ,11:25 AM,Tithi - None,None,Nakshatra - Anuradha ,4:46 PM,Nakshatra - None,None,Yoga - Varigha upto,1:57 AM,Yoga - None,None,Karana - Vishti ,11:25 AM,Karana - Bava ,11:08 PM,Karana - None,None,
Tithi - Chaturthi ,11:04 AM,Tithi - None,None,Nakshatra - Jyeshtha ,5:17 PM,Nakshatra - None,None,Yoga - Parigha,1:00 AM,Yoga - None,None,Karana - Balava ,11:04 AM,Karana - Kaulava ,11:12 PM,Karana - None,None,
Tithi - Panchami ,11:32 AM,Tithi - None,None,Nakshatra - Mula ,6:36 PM,Nakshatra - None,None,Yoga - Shiva ,12:41 AM,Yoga - None,None,Karana - Taitila ,11:32 AM,"Karana - Garaja """,12:04AM,Karana - None,None,
Tithi - Shashthi ,12:46 PM,Tithi - None,None,Nakshatra - Purva Ashadha ,8:38 PM,Nakshatra - None,None,Yoga - Siddha ,12:56 AM,Yoga - None,None,Karana - Vanija ,12:46 PM,Karana - Vishti ,1:39 AM,Karana - None,None,
Tithi - Saptami ,2:40 PM,Tithi - None,None,Nakshatra - Uttara Ashadha ,11:15 PM,Nakshatra - None,None,Yoga - Sadhya ,1:36 AM,Yoga - None,None,Karana - Bava ,2:40 PM,Karana - Balava ,3:48 AM,Karana - None,None,
Tithi - Ashtami ,5:01 PM,Tithi - None,None,Nakshatra - Shravana ,2:13 AM,Nakshatra - None,None,Yoga - Shubha ,2:32 AM,Yoga - None,None,Karana - Kaulava ,5:01 PM,Karana - Taitila ,Full Night,Karana - None,None,
Tithi - Navami ,7:34 PM,Tithi - None,None,Nakshatra - Dhanishtha ,5:19 AM,Nakshatra - None,None,Yoga - Shukla ,3:34 AM,Yoga - None,None,Karana - Taitila ,6:17 AM,Karana - Garaja ,7:34 PM,Karana - None,None,
Tithi - Dashami ,10:04 PM,Tithi - None,None,Nakshatra - Shatabhisha ,Full Night,Nakshatra - None,None,Yoga - Brahma ,4:30 AM,Yoga - None,None,Karana - Vanija ,8:50 AM,Karana - Vishti ,10:04 PM,Karana - None,None,
Tithi - Ekadashi ,12:18 AM,Tithi - None,None,Nakshatra - Shatabhisha ,8:16 AM,Nakshatra - None,None,Yoga - Indra ,5:11 AM,Yoga - None,None,Karana - Bava ,11:14 AM,Karana - Balava ,12:18 AM,Karana - None,None,
Tithi - Dwadashi ,2:05 AM,Tithi - None,None,Nakshatra - Purva Bhadrapada ,10:53 AM,Nakshatra - None,None,Yoga - Vaidhriti ,5:32 AM,Yoga - None,None,Karana - Kaulava ,1:15 PM,Karana - Taitila ,2:05 AM,Karana - None,None,
Tithi - Trayodashi ,3:21 AM,Tithi - None,None,Nakshatra - Uttara Bhadrapada upto0,1:03 PM,Nakshatra - None,None,Yoga - Vishkambha ,5:28 AM,Yoga - None,None,Karana - Garaja ,2:47 PM,Karana - Vanija ,3:21 AM,Karana - None,None,
Tithi - Chaturdashi ,4:04 AM,Tithi - None,None,Nakshatra - Revati ,2:41 PM,Nakshatra - None,None,Yoga - Priti ,4:59 AM,Yoga - None,None,Karana - Vishti ,3:46 PM,Karana - Shakuni ,4:04 AM,Karana - None,None,
Tithi - Amavasya ,4:15 AM,Tithi - None,None,Nakshatra - Ashwini ,3:48 PM,Nakshatra - None,None,Yoga - Ayushman ,4:05 AM,Yoga - None,None,Karana - Chatushpada ,4:13 PM,Karana - Nagava ,4:15 AM,Karana - None,None,
Tithi - Pratipada ,3:59 AM,Tithi - None,None,Nakshatra - Bharani ,4:25 PM,Nakshatra - None,None,Yoga - Saubhagya ,2:50 AM,Yoga - None,None,Karana - Kinstughna ,4:10 PM,Karana - Bava ,3:59 AM,Karana - None,None,
Tithi - Dwitiya ,3:18 AM,Tithi - None,None,Nakshatra - Krittika ,4:37 PM,Nakshatra - None,None,Yoga - Shobhana ,1:15 AM,Yoga - None,None,Karana - Balava ,3:41 PM,Karana - Kaulava ,3:18 AM,Karana - None,None,
Tithi - Tritiya ,2:17 AM,Tithi - None,None,Nakshatra - Rohini ,4:28 PM,Nakshatra - None,None,Yoga - Atiganda ,11:24 PM,Yoga - None,None,Karana - Taitila ,2:50 PM,Karana - Garaja ,2:17 AM,Karana - None,None,
Tithi - Chaturthi ,12:59 AM,Tithi - None,None,Nakshatra - Mrigashirsha ,4:01 PM,Nakshatra - None,None,Yoga - Sukarman ,9:19 PM,Yoga - None,None,Karana - Vanija ,1:40 PM,Karana - Vishti ,12:59 AM,Karana - None,None,
Tithi - Panchami ,11:27 PM,Tithi - None,None,Nakshatra - Ardra ,3:18 PM,Nakshatra - None,None,Yoga - Dhriti ,7:02 PM,Yoga - None,None,Karana - Bava ,12:15 PM,Karana - Balava ,11:27 PM,Karana - None,None,
Tithi - Shashthi ,9:41 PM,Tithi - None,None,Nakshatra - Punarvasu ,2:22 PM,Nakshatra - None,None,Yoga - Shula ,4:34 PM,Yoga - None,None,Karana - Kaulava ,10:36 AM,Karana - Taitila ,9:41 PM,Karana - None,None,
Tithi - Saptami ,7:44 PM,Tithi - None,None,Nakshatra - Pushya ,1:14 PM,Nakshatra - None,None,Yoga - Ganda ,1:57 PM,Yoga - None,None,Karana - Garaja ,8:44 AM,Karana - Vanija ,7:44 PM,Karana - None,None,
Tithi - Ashtami ,5:37 PM,Tithi - None,None,Nakshatra - Ashlesha ,11:55 AM,Nakshatra - None,None,Yoga - Vriddhi ,11:11 AM,Yoga - None,None,Karana - Vishti ,6:42 AM,Karana - Bava ,5:37 PM,Karana - Balava ,4:30 AM,
Tithi - Navami ,3:21 PM,Tithi - None,None,Nakshatra - Magha ,10:28 AM,Nakshatra - None,None,Yoga - Dhruva,8:18 AM,Yoga - Vyaghata ,5:19 AM,Karana - Kaulava ,3:21 PM,Karana - Taitila ,2:11 AM,Karana - None,None,
Tithi - Dashami ,12:59 PM,Tithi - None,None,Nakshatra - Purva Phalguni ,8:54 AM,Nakshatra - None,None,Yoga - Harshana ,2:18 AM,Yoga - None,None,Karana - Garaja ,12:59 PM,Karana - Vanija ,11:47 PM,Karana - None,None,
Tithi - Ekadashi ,10:36 AM,Tithi - None,None,Nakshatra - Uttara Phalguni ,7:17 AM,Nakshatra - Hasta ,5:43 AM,Yoga - Vajra ,11:17 PM,Yoga - None,None,Karana - Vishti ,10:36 AM,Karana - Bava ,9:25 PM,Karana - None,None,
Tithi - Dwadashi ,8:15 AM,Tithi - Trayodashi ,6:05 AM,Nakshatra - Chitra ,4:17 AM,Nakshatra - None,None,Yoga - Siddhi ,8:22 PM,Yoga - None,None,Karana - Balava ,8:15 AM,Karana - Kaulava ,7:08 PM,Karana - Taitila ,6:05 AM,
Tithi - Chaturdashi ,4:11 AM,Tithi - None,None,Nakshatra - Swati ,3:08 AM,Nakshatra - None,None,Yoga - Vyatipata ,5:39 PM,Yoga - None,None,Karana - Garaja ,5:05 PM,Karana - Vanija ,4:11 AM,Karana - None,None,
Tithi - Purnima ,2:41 AM,Tithi - None,None,Nakshatra - Vishakha ,2:23 AM,Nakshatra - None,None,Yoga - Varigha ,3:12 PM,Yoga - None,None,Karana - Vishti ,3:23 PM,Karana - Bava ,2:41 AM,Karana - None,None,
Tithi - Pratipada ,1:43 AM,Tithi - None,None,Nakshatra - Anuradha ,2:08 AM,Nakshatra - None,None,Yoga - Parigha ,1:08 PM,Yoga - None,None,Karana - Balava ,2:08 PM,Karana - Kaulava ,1:43 AM,Karana - None,None,
Tithi - Dwitiya ,1:21 AM,Tithi - None,None,Nakshatra - Jyeshtha ,2:30 AM,Nakshatra - None,None,Yoga - Shiva ,11:31 AM,Yoga - None,None,Karana - Taitila ,1:27 PM,Karana - Garaja ,1:21 AM,Karana - None,None,
Tithi - Tritiya ,1:40 AM,Tithi - None,None,Nakshatra - Mula ,3:32 AM,Nakshatra - None,None,Yoga - Siddha ,10:25 AM,Yoga - None,None,Karana - Vanija ,1:25 PM,Karana - Vishti,1:40 AM,Karana - None,None,
Tithi - Chaturthi ,2:41 AM,Tithi - None,None,Nakshatra - Purva Ashadha ,5:14 AM,Nakshatra - None,None,Yoga - Sadhya ,9:52 AM,Yoga - None,None,Karana - Bava ,2:05 PM,Karana -Balava ,2:41 AM,Karana - None,None,
Tithi - Panchami ,4:18 AM,Tithi - None,None,Nakshatra - Uttara Ashadha ,Full Night,Nakshatra - None,None,Yoga - Shubha ,9:50 AM,Yoga - None,None,Karana - Kaulava ,3:25 PM,Karana - Taitila ,4:18 AM,Karana - None,None,
Tithi - Shashthi ,Full Night,Tithi - None,None,Nakshatra - Uttara Ashadha ,7:31 AM,Nakshatra - None,None,Yoga - Shukla ,10:16 AM,Yoga - None,None,Karana - Garaja ,5:19 PM,Karana - Vanija ,Full Night,Karana - None,None,
Tithi - Shashthi ,6:25 AM,Tithi - None,None,Nakshatra - Shravana ,10:16 AM,Nakshatra - None,None,Yoga - Brahma ,11:03 AM,Yoga - None,None,Karana - Vanija ,6:25 AM,Karana - Vishti ,7:36 PM,Karana - None,None,
Tithi - Saptami ,8:49 AM,Tithi - None,None,Nakshatra - Dhanishtha ,1:15 PM,Nakshatra - None,None,Yoga - Indra ,12:00 PM,Yoga - None,None,Karana - Bava ,8:49 AM,Karana - Balava ,10:03 PM,Karana - None,None,
Tithi - Ashtami ,11:16 AM,Tithi - None,None,Nakshatra - Shatabhisha ,4:14 PM,Nakshatra - None,None,Yoga - Vaidhriti ,12:59 PM,Yoga - None,None,Karana - Kaulava ,11:16 AM,Karana - Taitila,12:26 AM,Karana - None,None,
Tithi - Navami ,1:31 PM,Tithi - None,None,Nakshatra - Purva Bhadrapada ,6:59 PM,Nakshatra - None,None,Yoga - Vishkambha ,1:47 PM,Yoga - None,None,Karana - Garaja ,1:31 PM,Karana - Vanija ,2:30 AM,Karana - None,None,
Tithi - Dashami ,3:21 PM,Tithi - None,None,Nakshatra - Uttara Bhadrapada ,9:19 PM,Nakshatra - None,None,Yoga - Priti ,2:17 PM,Yoga - None,None,Karana - Vishti ,3:21 PM,Karana - Bava ,4:04 AM,Karana - None,None,
Tithi - Ekadashi ,4:38 PM,Tithi - None,None,Nakshatra - Revati ,11:04 PM,Nakshatra - None,None,Yoga - Ayushman ,2:22 PM,Yoga - None,None,Karana - Balava ,4:38 PM,Karana - Kaulava ,5:02 AM,Karana - None,None,
Tithi - Dwadashi ,5:17 PM,Tithi - None,None,Nakshatra - Ashwini ,12:13 AM,Nakshatra - None,None,Yoga - Saubhagya ,1:56 PM,Yoga - None,None,Karana - Taitila ,5:17 PM,Karana -Garaja ,5:21 AM,Karana - None,None,
Tithi - Trayodashi ,5:16 PM,Tithi - None,None,Nakshatra - Bharani ,12:43 AM,Nakshatra - None,None,Yoga - Shobhana ,1:01 PM,Yoga - None,None,Karana - Vanija ,5:16 PM,Karana - Vishti ,5:02 AM,Karana - None,None,
Tithi - Chaturdashi ,4:40 PM,Tithi - None,None,Nakshatra - Krittika ,12:40 AM,Nakshatra - None,None,Yoga - Atiganda ,11:36 AM,Yoga - None,None,Karana - Shakuni ,4:40 PM,Karana - Chatushpada ,4:09 AM,Karana - None,None,
Tithi - Amavasya ,3:32 PM,Tithi - None,None,Nakshatra - Rohini ,12:06 AM,Nakshatra - None,None,Yoga - Sukarman ,9:45 AM,Yoga - None,None,Karana - Nagava ,3:32 PM,Karana - Kinstughna,2:47 AM,Karana - None,None,
Tithi - Pratipada ,1:57 PM,Tithi - None,None,Nakshatra - Mrigashirsha ,11:09 PM,Nakshatra - None,None,Yoga - Dhriti ,7:31 AM,Yoga - Shula ,5:00 AM,Karana - Bava ,1:57 PM,Karana - Balava ,1:02 AM,Karana - None,None,
Tithi - Dwitiya ,12:03 PM,Tithi - None,None,Nakshatra - Ardra ,9:55 PM,Nakshatra - None,None,Yoga - Ganda ,2:16 AM,Yoga - None,None,Karana - Kaulava ,12:03 PM,Karana - Taitila ,11:01PM,Karana - None,None,
Tithi - Tritiya ,9:55 AM,Tithi - None,None,Nakshatra - Punarvasu ,8:29 PM,Nakshatra - None,None,Yoga - Vriddhi upto1,1:23 PM,Yoga - None,None,Karana - Garaja ,9:55 AM,Karana - Vanija ,8:47 PM,Karana - None,None,
Tithi - Chaturthi ,7:38 AM,Tithi - Panchami ,5:17 AM,Nakshatra - Pushya ,6:57 PM,Nakshatra - None,None,Yoga - Dhruva ,8:26 PM,Yoga - None,None,Karana - Vishti ,7:38 AM,Karana - Bava ,6:27 PM,Karana - Balava ,5:17 AM,
Tithi - Shashthi ,2:55 AM,Tithi - None,None,Nakshatra - Ashlesha ,5:23 PM,Nakshatra - None,None,Yoga - Vyaghata ,5:27 PM,Yoga - None,None,Karana - Kaulava ,4:06 PM,Karana - Taitila ,2:55 AM,Karana - None,None,
Tithi - Saptami ,12:36 AM,Tithi - None,None,Nakshatra - Magha ,3:50 PM,Nakshatra - None,None,Yoga - Harshana ,2:29 PM,Yoga - None,None,Karana - Garaja ,1:45 PM,Karana - Vanija ,12:36 AM,Karana - None,None,
Tithi - Ashtami ,10:24 PM,Tithi - None,None,Nakshatra - Purva Phalguni ,2:22 PM,Nakshatra - None,None,Yoga - Vajra ,11:35 AM,Yoga - None,None,Karana - Vishti ,11:29 AM,Karana - Bava ,10:24 PM,Karana - None,None,
Tithi - Navami ,8:19 PM,Tithi - None,None,Nakshatra - Uttara Phalguni ,1:01 PM,Nakshatra - None,None,Yoga - Siddhi ,8:48 AM,Yoga - None,None,Karana - Balava ,9:20 AM,Karana - Kaulava,8:19 PM,Karana - None,None,
Tithi - Dashami ,6:27 PM,Tithi - None,None,Nakshatra - Hasta ,11:52 AM,Nakshatra - None,None,Yoga - Vyatipata ,6:08 AM,Yoga - Varigha ,3:39 AM,Karana - Taitila,7:22 AM,Karana - Garaja ,6:27 PM,Karana - Vanija ,5:36 AM,
Tithi - Ekadashi ,4:49 PM,Tithi - None,None,Nakshatra - Chitra ,10:56 AM,Nakshatra - None,None,Yoga - Parigha ,1:24 AM,Yoga - None,None,Karana - Vishti ,4:49 PM,Karana - Bava ,4:07 AM,Karana - None,None,
Tithi - Dwadashi ,3:30 PM,Tithi - None,None,Nakshatra - Swati ,10:18 AM,Nakshatra - None,None,Yoga - Shiva ,11:25 PM,Yoga - None,None,Karana - Balava ,3:30 PM,Karana - Kaulava ,2:59 AM,Karana - None,None,
Tithi - Trayodashi ,2:33 PM,Tithi - None,None,Nakshatra - Vishakha ,10:00 AM,Nakshatra - None,None,Yoga - Siddha ,9:44 PM,Yoga - None,None,Karana - Taitila ,2:33 PM,"Karana - Garaja upto0""",2:14 AM,Karana - None,None,
Tithi - Chaturdashi ,2:02 PM,Tithi - None,None,Nakshatra - Anuradha ,10:08 AM,Nakshatra - None,None,Yoga - Sadhya ,8:25 PM,Yoga - None,None,Karana - Vanija ,2:02 PM,Karana - Vishti ,1:57 AM,Karana - None,None,
Tithi - Purnima ,2:00 PM,Tithi - None,None,Nakshatra - Jyeshtha ,10:44 AM,Nakshatra - None,None,Yoga - Shubha upto0,7:31 PM,Yoga - None,None,Karana - Bava ,2:00 PM,Karana - Balava ,2:11 AM,Karana - None,None,
Tithi - Pratipada ,2:31 PM,Tithi - None,None,Nakshatra - Mula ,11:51 AM,Nakshatra - None,None,Yoga - Shukla ,7:02 PM,Yoga - None,None,Karana - Kaulava ,2:31 PM,"Karana - Taitila """,2:58 AM,Karana - None,None,
Tithi - Dwitiya ,3:34 PM,Tithi - None,None,Nakshatra - Purva Ashadha ,1:30 PM,Nakshatra - None,None,Yoga - Brahma ,6:58 PM,Yoga - None,None,Karana - Garaja ,3:34 PM,Karana - Vanija ,4:17 AM,Karana - None,None,
Tithi - Tritiya ,5:08 PM,Tithi - None,None,Nakshatra - Uttara Ashadha ,3:40 PM,Nakshatra - None,None,Yoga - Indra ,7:19 PM,Yoga - None,None,Karana - Vishti ,5:08 PM,"Karana - Bava """,6:05 AM,Karana - None,None,
Tithi - Chaturthi ,7:08 PM,Tithi - None,None,Nakshatra - Shravana ,6:15 PM,Nakshatra - None,None,Yoga - Vaidhriti,7:59 PM,Yoga - None,None,Karana - Balava ,7:08 PM,Karana - Kaulava ,Full Night,Karana - None,None,
Tithi - Panchami ,9:27 PM,Tithi - None,None,Nakshatra - Dhanishtha ,9:08 PM,Nakshatra - None,None,Yoga - Vishkambha ,8:53 PM,Yoga - None,None,Karana - Kaulava ,8:16 AM,Karana - Taitila ,9:27 PM,Karana - None,None,
Tithi - Shashthi ,11:53 PM,Tithi - None,None,Nakshatra - Shatabhisha ,12:08 AM,Nakshatra - None,None,Yoga - Priti ,9:52 PM,Yoga - None,None,Karana - Garaja ,10:40 AM,Karana - Vanija ,11:53 PM,Karana - None,None,
Tithi - Saptami ,2:13 AM,Tithi - None,None,Nakshatra - Purva Bhadrapada ,3:03 AM,Nakshatra - None,None,Yoga - Ayushman ,10:48 PM,Yoga - None,None,Karana - Vishti ,1:04 PM,Karana - Bava ,2:13 AM,Karana - None,None,
Tithi - Ashtami ,4:13 AM,Tithi - None,None,Nakshatra - Uttara Bhadrapada ,5:38 AM,Nakshatra - None,None,Yoga - Saubhagya ,11:30 PM,Yoga - None,None,Karana - Balava ,3:16 PM,Karana - Kaulava ,4:13 AM,Karana - None,None,
Tithi - Navami ,5:44 AM,Tithi - None,None,Nakshatra - Revati ,Full Night,Nakshatra - None,None,Yoga - Shobhana ,11:51 PM,Yoga - None,None,Karana - Taitila ,5:03 PM,Karana - Garaja ,5:44 AM,Karana - None,None,
Tithi - Dashami ,Full Night,Tithi - None,None,Nakshatra - Revati ,7:44 AM,Nakshatra - None,None,Yoga - Atiganda ,11:43 PM,Yoga - None,None,Karana - Vanija ,6:15 PM,Karana - Vishti ,Full Night,Karana - None,None,
Tithi - Dashami ,6:36 AM,Tithi - None,None,Nakshatra - Ashwini ,9:12 AM,Nakshatra - None,None,Yoga - Sukarman ,11:02 PM,Yoga - None,None,Karana - Vishti ,6:36 AM,Karana - Bava ,6:46 PM,Karana - None,None,
Tithi - Ekadashi ,6:45 AM,Tithi - None,None,Nakshatra - Bharani ,9:58 AM,Nakshatra - None,None,Yoga - Dhriti ,9:46 PM,Yoga - None,None,Karana - Balava ,6:45 AM,Karana - Kaulava ,6:34 PM,Karana - None,None,
Tithi - Dwadashi ,6:11 AM,Tithi - Trayodashi ,4:56 AM,Nakshatra - Krittika ,10:02 AM,Nakshatra - None,None,Yoga - Shula ,7:57 PM,Yoga - None,None,Karana - Taitila ,6:11 AM,Karana - Garaja ,5:39 PM,Karana - Vanija ,4:56 AM,
Tithi - Chaturdashi ,3:06 AM,Tithi - None,None,Nakshatra - Rohini ,9:26 AM,Nakshatra - None,None,Yoga - Ganda ,5:37 PM,Yoga - None,None,Karana - Vishti ,4:05 PM,Karana - Shakuni ,3:06 AM,Karana - None,None,
Tithi - Amavasya ,12:46 AM,Tithi - None,None,Nakshatra - Mrigashirsha ,8:15 AM,Nakshatra - None,None,Yoga - Vriddhi ,2:51 PM,Yoga - None,None,Karana - Chatushpada ,1:59 PM,Karana - Nagava ,12:46 AM,Karana - None,None,
Tithi - Pratipada ,10:05 PM,Tithi - None,None,Nakshatra - Ardra ,6:37 AM,Nakshatra - Punarvasu ,4:40 AM,Yoga - Dhruva ,11:43 AM,Yoga - None,None,Karana - Kinstughna ,11:28 AM,Karana - Bava ,10:05 PM,Karana - None,None,
Tithi - Dwitiya ,7:10 PM,Tithi - None,None,Nakshatra - Pushya ,2:31 AM,Nakshatra - None,None,Yoga - Vyaghata,8:22 AM,Yoga - Harshana ,4:52 AM,Karana - Balava ,8:39 AM,Karana - Kaulava ,7:10 PM,Karana - Taitila ,5:40 AM,
Tithi - Tritiya ,4:09 PM,Tithi - None,None,Nakshatra - Ashlesha ,12:19 AM,Nakshatra - None,None,Yoga - Vajra ,1:20 AM,Yoga - None,None,Karana - Garaja ,4:09 PM,Karana - Vanija ,2:39 AM,Karana - None,None,
Tithi - Chaturthi ,1:10 PM,Tithi - None,None,Nakshatra - Magha ,10:11 PM,Nakshatra - None,None,Yoga - Siddhi ,9:52 PM,Yoga - None,None,Karana - Vishti ,1:10 PM,Karana - Bava ,11:43 PM,Karana - None,None,
Tithi - Panchami ,10:19 AM,Tithi - None,None,Nakshatra - Purva Phalguni ,8:14 PM,Nakshatra - None,None,Yoga - Vyatipata ,6:33 PM,Yoga - None,None,Karana - Balava ,10:19 AM,Karana - Kaulava ,8:58 PM,Karana - None,None,
Tithi - Shashthi ,7:42 AM,Tithi - Saptami ,5:25 AM,Nakshatra - Uttara Phalguni ,6:34 PM,Nakshatra - None,None,Yoga - Varigha ,3:28 PM,Yoga - None,None,Karana - Taitila ,7:42 AM,Karana - Garaja ,6:31 PM,"Karana - Vanija upto0""",5:25 AM," Jul 09"""
Tithi - Ashtami ,3:31 AM,Tithi - None,None,Nakshatra - Hasta ,5:16 PM,Nakshatra - None,None,Yoga - Parigha ,12:40 PM,Yoga - None,None,Karana - Vishti ,4:25 PM,Karana - Bava ,3:31 AM,Karana - None,None,
Tithi - Navami ,2:03 AM,Tithi - None,None,Nakshatra - Chitra ,4:23 PM,Nakshatra - None,None,Yoga - Shiva ,10:12 AM,Yoga - None,None,Karana - Balava ,2:43 PM,"Karana - Kaulava upto0""",2:03 AM,Karana - None,None,
Tithi - Dashami ,1:02 AM,Tithi - None,None,Nakshatra - Swati ,3:56 PM,Nakshatra - None,None,Yoga - Siddha ,8:06 AM,Yoga - None,None,Karana - Taitila ,1:29 PM,"Karana - Garaja upto0""",1:02 AM,Karana - None,None,
Tithi - Ekadashi ,12:31 AM,Tithi - None,None,Nakshatra - Vishakha ,3:58 PM,Nakshatra - None,None,Yoga - Sadhya ,6:22 AM,Yoga - Shubha ,5:02 AM,Karana -Vanija ,12:43 PM,Karana - Vishti ,12:31 AM,Karana - None,None,
Tithi - Dwadashi ,12:29 AM,Tithi - None,None,Nakshatra - Anuradha ,4:28 PM,Nakshatra - None,None,Yoga - Shukla ,4:04 AM,Yoga - None,None,Karana - Bava ,12:26 PM,Karana - Balava ,12:29 AM,Karana - None,None,
Tithi - Trayodashi ,12:55 AM,Tithi - None,None,Nakshatra - Jyeshtha ,5:27 PM,Nakshatra - None,None,Yoga - Brahma ,3:29 AM,Yoga - None,None,Karana - Kaulava ,12:38 PM,Karana - Taitila ,12:55 AM,Karana - None,None,
Tithi - Chaturdashi ,1:48 AM,Tithi - None,None,Nakshatra - Mula ,6:53 PM,Nakshatra - None,None,Yoga - Indra ,3:16 AM,Yoga - None,None,Karana - Garaja ,1:18 PM,Karana - Vanija ,1:48 AM,Karana - None,None,
Tithi - Purnima ,3:08 AM,Tithi - None,None,Nakshatra - Purva Ashadha ,8:44 PM,Nakshatra - None,None,Yoga - Vaidhriti ,3:23 AM,Yoga - None,None,Karana - Vishti ,2:25 PM,Karana - Bava ,3:08 AM,Karana - None,None,
Tithi - Pratipada ,4:51 AM,Tithi - None,None,Nakshatra - Uttara Ashadha ,10:59 PM,Nakshatra - None,None,Yoga - Vishkambha ,3:48 AM,Yoga - None,None,Karana - Balava ,3:57 PM,Karana - Kaulava ,4:51 AM,Karana - None,None,
Tithi - Dwitiya ,Full Night,Tithi - None,None,Nakshatra - Shravana ,1:35 AM,Nakshatra - None,None,Yoga - Priti ,4:28 AM,Yoga - None,None,Karana - Taitila ,5:51 PM,Karana - Garaja ,Full Night,Karana - None,None,
Tithi - Dwitiya ,6:55 AM,Tithi - None,None,Nakshatra - Dhanishtha ,4:26 AM,Nakshatra - None,None,Yoga - Ayushman ,5:21 AM,Yoga - None,None,Karana - Garaja ,6:55 AM,Karana - Vanija ,8:03 PM,Karana - None,None,
Tithi - Tritiya ,9:14 AM,Tithi - None,None,Nakshatra - Shatabhisha ,Full Night,Nakshatra - None,None,Yoga - Saubhagya ,Full Night,Yoga - None,None,Karana - Vishti ,9:14 AM,Karana - Bava ,10:26 PM,Karana - None,None,
Tithi - Chaturthi ,11:39 AM,Tithi - None,None,Nakshatra - Shatabhisha ,7:26 AM,Nakshatra - None,None,Yoga - Saubhagya ,6:20 AM,Yoga - None,None,Karana - Balava ,11:39 AM,Karana - Kaulava ,12:52 AM,Karana - None,None,
Tithi - Panchami ,2:04 PM,Tithi - None,None,Nakshatra - Purva Bhadrapada ,10:25 AM,Nakshatra - None,None,Yoga - Shobhana ,7:19 AM,Yoga - None,None,Karana - Taitila ,2:04 PM,Karana - Garaja ,3:12 AM,Karana - None,None,
Tithi - Shashthi ,4:16 PM,Tithi - None,None,Nakshatra - Uttara Bhadrapada ,1:15 PM,Nakshatra - None,None,Yoga - Atiganda ,8:11 AM,Yoga - None,None,Karana - Vanija ,4:16 PM,Karana - Vishti ,5:14 AM,Karana - None,None,
Tithi - Saptami ,6:05 PM,Tithi - None,None,Nakshatra - Revati ,3:43 PM,Nakshatra - None,None,Yoga - Sukarman ,8:48 AM,Yoga - None,None,Karana - Bava ,6:05 PM,Karana - Balava ,Full Night,Karana - None,None,
Tithi - Ashtami ,7:21 PM,Tithi - None,None,Nakshatra - Ashwini ,5:40 PM,Nakshatra - None,None,Yoga - Dhriti ,9:02 AM,Yoga - None,None,Karana - Balava ,6:48 AM,Karana - Kaulava ,7:21 PM,Karana - None,None,
Tithi - Navami ,7:56 PM,Tithi - None,None,Nakshatra - Bharani ,6:58 PM,Nakshatra - None,None,Yoga - Shula ,8:47 AM,Yoga - None,None,Karana - Taitila ,7:44 AM,Karana - Garaja ,7:56 PM,Karana - None,None,
Tithi - Dashami ,7:46 PM,Tithi - None,None,Nakshatra - Krittika ,7:31 PM,Nakshatra - None,None,Yoga - Ganda ,7:57 AM,Yoga - None,None,Karana - Vanija ,7:57 AM,Karana - Vishti ,7:46 PM,Karana - None,None,
Tithi - Ekadashi ,6:49 PM,Tithi - None,None,Nakshatra - Rohini ,7:19 PM,Nakshatra - None,None,Yoga - Vriddhi ,6:30 AM,Yoga - Dhruva ,4:26 AM,Karana - Bava upto0,7:23 AM,Karana - Balava ,6:49 PM,Karana - Kaulava upto,6:04 AM,
Tithi - Dwadashi ,5:09 PM,Tithi - None,None,Nakshatra - Mrigashirsha ,6:23 PM,Nakshatra - None,None,Yoga - Vyaghata ,1:48 AM,Yoga - None,None,Karana - Taitila ,5:09 PM,Karana - Garaja ,4:04 AM,Karana - None,None,
Tithi - Trayodashi ,2:49 PM,Tithi - None,None,Nakshatra - Ardra ,4:48 PM,Nakshatra - None,None,Yoga - Harshana ,10:40 PM,Yoga - None,None,Karana - Vanija ,2:49 PM,Karana - Vishti upto,1:27 AM,Karana - None,None,
Tithi - Chaturdashi ,11:57 AM,Tithi - None,None,Nakshatra - Punarvasu ,2:42 PM,Nakshatra - None,None,Yoga - Vajra ,7:07 PM,Yoga - None,None,Karana - Shakuni ,11:57 AM,Karana - Chatushpada ,10:22 PM,Karana - None,None,
Tithi - Amavasya ,8:41 AM,Tithi - Pratipada ,5:11 AM,Nakshatra - Pushya ,12:12 PM,Nakshatra - None,None,Yoga - Siddhi ,3:17 PM,Yoga - None,None,Karana - Nagava ,8:41 AM,Karana - Kinstughna ,6:58 PM,Karana - Bava upto,5:11 AM,
Tithi - Dwitiya ,1:36 AM,Tithi - None,None,Nakshatra - Ashlesha ,9:30 AM,Nakshatra - None,None,Yoga - Vyatipata ,11:18 AM,Yoga - None,None,Karana - Balava ,3:24 PM,Karana - Kaulava ,1:36 AM,Karana - None,None,
Tithi - Tritiya ,10:06 PM,Tithi - None,None,Nakshatra - Magha ,6:45 AM,Nakshatra - Purva Phalguni ,4:06 AM,Yoga - Varigha ,7:16 AM,Yoga - Parigha ,3:21 AM,Karana - Taitila ,11:50 AM,Karana - Garaja ,10:06 PM,Karana - None,None,
Tithi - Chaturthi ,6:49 PM,Tithi - None,None,Nakshatra - Uttara Phalguni ,1:45 AM,Nakshatra - None,None,Yoga - Shiva ,11:39 PM,Yoga - None,None,Karana - Vanija ,8:25 AM,Karana - Vishti ,6:49 PM,Karana - Bava ,5:18 AM,
Tithi - Panchami ,3:55 PM,Tithi - None,None,Nakshatra - Hasta ,11:48 PM,Nakshatra - None,None,Yoga - Siddha ,8:17 PM,Yoga - None,None,Karana - Balava ,3:55 PM,Karana - Kaulava ,2:38 AM,Karana - None,None,
Tithi - Shashthi ,1:30 PM,Tithi - None,None,Nakshatra - Chitra ,10:24 PM,Nakshatra - None,None,Yoga - Sadhya upto0,5:21 PM,Yoga - None,None,Karana - Taitila ,1:30 PM,Karana - Garaja ,12:31 AM,Karana - None,None,
Tithi - Saptami ,11:41 AM,Tithi - None,None,Nakshatra - Swati ,9:36 PM,Nakshatra - None,None,Yoga - Shubha,2:55 PM,Yoga - None,None,Karana - Vanija ,11:41 AM,Karana - Vishti ,11:01 PM,Karana - None,None,
Tithi - Ashtami ,10:30 AM,Tithi - None,None,Nakshatra - Vishakha ,9:28 PM,Nakshatra - None,None,Yoga - Shukla ,1:00 PM,Yoga - None,None,Karana - Bava ,10:30 AM,Karana - Balava ,10:10 PM,Karana - None,None,
Tithi - Navami ,10:00 AM,Tithi - None,None,Nakshatra - Anuradha ,9:59 PM,Nakshatra - None,None,Yoga - Brahma ,11:38 AM,Yoga - None,None,Karana - Kaulava ,10:00 AM,Karana - Taitila ,10:00 PM,Karana - None,None,
Tithi - Dashami ,10:09 AM,Tithi - None,None,Nakshatra - Jyeshtha ,11:07 PM,Nakshatra - None,None,Yoga - Indra ,10:46 AM,Yoga - None,None,Karana - Garaja ,10:09 AM,Karana - Vanija ,10:26 PM,Karana - None,None,
Tithi - Ekadashi ,10:52 AM,Tithi - None,None,Nakshatra - Mula ,12:46 AM,Nakshatra - None,None,Yoga - Vaidhriti ,10:21 AM,Yoga - None,None,Karana - Vishti ,10:52 AM,Karana - Bava ,11:26 PM,Karana - None,None,
Tithi - Dwadashi ,12:07 PM,Tithi - None,None,Nakshatra - Purva Ashadha ,2:52 AM,Nakshatra - None,None,Yoga - Vishkambha ,10:21 AM,Yoga - None,None,Karana - Balava ,12:07 PM,Karana - Kaulava ,12:54 AM,Karana - None,None,
Tithi - Trayodashi ,1:46 PM,Tithi - None,None,Nakshatra - Uttara Ashadha ,5:20 AM,Nakshatra - None,None,Yoga - Priti ,10:40 AM,Yoga - None,None,Karana - Taitila ,1:46 PM,Karana - Garaja ,2:44 AM,Karana - None,None,
Tithi - Chaturdashi ,3:45 PM,Tithi - None,None,Nakshatra - Shravana ,Full Night,Nakshatra - None,None,Yoga - Ayushman ,11:15 AM,Yoga - None,None,Karana - Vanija ,3:45 PM,Karana - Vishti ,4:51 AM,Karana - None,None,
Tithi - Purnima ,5:59 PM,Tithi - None,None,Nakshatra - Shravana ,8:03 AM,Nakshatra - None,None,Yoga - Saubhagya ,12:01 PM,Yoga - None,None,Karana - Bava ,5:59 PM,Karana - Balava ,Full Night,Karana - None,None,
Tithi - Pratipada ,8:22 PM,Tithi - None,None,Nakshatra - Dhanishtha ,10:57 AM,Nakshatra - None,None,Yoga - Shobhana ,12:55 PM,Yoga - None,None,Karana - Balava ,7:10 AM,Karana - Kaulava ,8:22 PM,Karana - None,None,
Tithi - Dwitiya ,10:48 PM,Tithi - None,None,Nakshatra - Shatabhisha ,1:56 PM,Nakshatra - None,None,Yoga - Atiganda ,1:53 PM,Yoga - None,None,Karana - Taitila ,9:35 AM,Karana - Garaja ,10:48 PM,Karana - None,None,
Tithi - Tritiya ,1:13 AM,Tithi - None,None,Nakshatra - Purva Bhadrapada ,4:56 PM,Nakshatra - None,None,Yoga - Sukarman ,2:51 PM,Yoga - None,None,Karana - Vanija ,12:02 PM,Karana - Vishti ,1:13 AM,Karana - None,None,
Tithi - Chaturthi ,3:30 AM,Tithi - None,None,Nakshatra - Uttara Bhadrapada ,7:49 PM,Nakshatra - None,None,Yoga - Dhriti ,3:45 PM,Yoga - None,None,Karana - Bava ,2:23 PM,Karana - Balava ,3:30 AM,Karana - None,None,
Tithi - Panchami ,5:30 AM,Tithi - None,None,Nakshatra - Revati ,10:29 PM,Nakshatra - None,None,Yoga - Shula ,4:29 PM,Yoga - None,None,Karana - Kaulava ,4:33 PM,Karana - Taitila ,5:30 AM,Karana - None,None,
Tithi - Shashthi ,Full Night,Tithi - None,None,Nakshatra - Ashwini ,12:48 AM,Nakshatra - None,None,Yoga - Ganda ,4:58 PM,Yoga - None,None,Karana - Garaja ,6:22 PM,Karana - Vanija uptoF,ull Night,Karana - None,None,
Tithi - Shashthi ,7:06 AM,Tithi - None,None,Nakshatra - Bharani ,2:37 AM,Nakshatra - None,None,Yoga - Vriddhi ,5:05 PM,Yoga - None,None,Karana - Vanija ,7:06 AM,Karana - Vishti ,7:42 PM,Karana - None,None,
Tithi - Saptami ,8:09 AM,Tithi - None,None,Nakshatra - Krittika ,3:48 AM,Nakshatra - None,None,Yoga - Dhruva ,4:43 PM,Yoga - None,None,Karana - Bava ,8:09 AM,Karana - Balava ,8:26 PM,Karana - None,None,
Tithi - Ashtami ,8:32 AM,Tithi - None,None,Nakshatra - Rohini ,4:17 AM,Nakshatra - None,None,Yoga - Vyaghata ,3:49 PM,Yoga - None,None,Karana - Kaulava ,8:32 AM,Karana - Taitila ,8:27 PM,Karana - None,None,
Tithi - Navami ,8:10 AM,Tithi - None,None,Nakshatra - Mrigashirsha ,4:00 AM,Nakshatra - None,None,Yoga - Harshana ,2:19 PM,Yoga - None,None,Karana - Garaja ,8:10 AM,Karana - Vanija ,7:42 PM,Karana - None,None,
Tithi - Dashami ,7:03 AM,Tithi - Ekadashi ,5:10 AM,Nakshatra - Ardra ,2:57 AM,Nakshatra - None,None,Yoga - Vajra ,12:12 PM,Yoga - None,None,Karana - Vishti ,7:03 AM,Karana - Bava ,6:12 PM,Karana - Balava ,5:10 AM,
Tithi - Dwadashi ,2:36 AM,Tithi - None,None,Nakshatra - Punarvasu ,1:14 AM,Nakshatra - None,None,Yoga - Siddhi ,9:28 AM,Yoga - Vyatipata ,6:12 AM,Karana - Kaulava ,3:58 PM,Karana - Taitila ,2:36 AM,Karana - None,None,
Tithi - Trayodashi ,11:28 PM,Tithi - None,None,Nakshatra - Pushya ,10:56 PM,Nakshatra - None,None,Yoga - Varigha ,2:28 AM,Yoga - None,None,Karana - Garaja ,1:06 PM,Karana - Vanija ,11:28 PM,Karana - None,None,
Tithi - Chaturdashi ,7:55 PM,Tithi - None,None,Nakshatra - Ashlesha ,8:12 PM,Nakshatra - None,None,Yoga - Parigha ,10:25 PM,Yoga - None,None,Karana - Vishti ,9:45 AM,Karana - Shakuni ,7:55 PM,Karana - Chatushpada ,6:02 AM,
Tithi - Amavasya ,4:07 PM,Tithi - None,None,Nakshatra - Magha ,5:12 PM,Nakshatra - None,None,Yoga - Shiva ,6:10 PM,Yoga - None,None,Karana - Nagava ,4:07 PM,Karana - Kinstughna ,2:10 AM,Karana - None,None,
Tithi - Pratipada ,12:14 PM,Tithi - None,None,Nakshatra - Purva Phalguni ,2:08 PM,Nakshatra - None,None,Yoga - Siddha ,1:51 PM,Yoga - None,None,Karana - Bava ,12:14 PM,Karana - Balava ,10:19 PM,Karana - None,None,
Tithi - Dwitiya ,8:27 AM,Tithi - Tritiya ,4:57 AM,Nakshatra - Uttara Phalguni ,11:12 AM,Nakshatra - None,None,Yoga - Sadhya ,9:38 AM,Yoga - Shubha ,5:40 AM,Karana - Kaulava ,8:27 AM,Karana - Taitila ,6:39 PM,Karana - Garaja ,4:57 AM,
Tithi - Chaturthi ,1:54 AM,Tithi - None,None,Nakshatra - Hasta ,8:34 AM,Nakshatra - Chitra ,6:25 AM,Yoga - Shukla ,2:05 AM,Yoga - None,None,Karana - Vanija ,3:21 PM,Karana - Vishti ,1:54 AM,Karana - None,None,
Tithi - Panchami ,11:27 PM,Tithi - None,None,Nakshatra - Swati ,4:54 AM,Nakshatra - None,None,Yoga - Brahma ,11:00 PM,Yoga - None,None,Karana - Bava ,12:36 PM,Karana - Balava ,11:27 PM,Karana - None,None,
Tithi - Shashthi ,9:44 PM,Tithi - None,None,Nakshatra - Vishakha ,4:08 AM,Nakshatra - None,None,Yoga - Indra ,8:31 PM,Yoga - None,None,Karana - Kaulava ,10:30 AM,Karana - Taitila ,9:44 PM,Karana - None,None,
Tithi - Saptami ,8:49 PM,Tithi - None,None,Nakshatra - Anuradha ,4:10 AM,Nakshatra - None,None,Yoga - Vaidhriti ,6:40 PM,Yoga - None,None,Karana - Garaja ,9:11 AM,Karana - Vanija ,8:49 PM,Karana - None,None,
Tithi - Ashtami ,8:43 PM,Tithi - None,None,Nakshatra - Jyeshtha ,4:59 AM,Nakshatra - None,None,Yoga - Vishkambha ,5:27 PM,Yoga - None,None,Karana - Vishti ,8:40 AM,Karana - Bava ,8:43 PM,Karana - None,None,
Tithi - Navami ,9:22 PM,Tithi - None,None,Nakshatra - Mula ,Full Night,Nakshatra - None,None,Yoga - Priti ,4:51 PM,Yoga - None,None,Karana - Balava ,8:57 AM,Karana - Kaulava ,9:22 PM,Karana - None,None,
Tithi - Dashami ,10:41 PM,Tithi - None,None,Nakshatra - Mula ,6:30 AM,Nakshatra - None,None,Yoga - Ayushman ,4:47 PM,Yoga - None,None,Karana - Taitila ,9:57 AM,Karana - Garaja ,10:41 PM,Karana - None,None,
Tithi - Ekadashi ,12:31 AM,Tithi - None,None,Nakshatra - Purva Ashadha ,8:37 AM,Nakshatra - None,None,Yoga - Saubhagya ,5:08 PM,Yoga - None,None,Karana - Vanija ,11:33 AM,Karana - Vishti ,12:31 AM,Karana - None,None,
Tithi - Dwadashi ,2:42 AM,Tithi - None,None,Nakshatra - Uttara Ashadha ,11:10 AM,Nakshatra - None,None,Yoga - Shobhana ,5:47 PM,Yoga - None,None,Karana - Bava ,1:35 PM,Karana - Balava ,2:42 AM,Karana - None,None,
Tithi - Trayodashi ,5:06 AM,Tithi - None,None,Nakshatra - Shravana ,2:00 PM,Nakshatra - None,None,Yoga - Atiganda ,6:38 PM,Yoga - None,None,Karana - Kaulava ,3:53 PM,Karana - Taitila ,5:06 AM,Karana - None,None,
Tithi - Chaturdashi ,Full Night,Tithi - None,None,Nakshatra - Dhanishtha ,4:59 PM,Nakshatra - None,None,Yoga - Sukarman ,7:35 PM,Yoga - None,None,Karana - Garaja ,6:21 PM,Karana - Vanija ,Full Night,Karana - None,None,
Tithi - Chaturdashi ,7:35 AM,Tithi - None,None,Nakshatra - Shatabhisha ,7:59 PM,Nakshatra - None,None,Yoga - Dhriti ,8:32 PM,Yoga - None,None,Karana - Vanija ,7:35 AM,Karana - Vishti ,8:49 PM,Karana - None,None,
Tithi - Purnima ,10:02 AM,Tithi - None,None,Nakshatra - Purva Bhadrapada ,10:56 PM,Nakshatra - None,None,Yoga - Shula ,9:27 PM,Yoga - None,None,Karana - Bava ,10:02 AM,Karana - Balava ,11:14 PM,Karana - None,None,
Tithi - Pratipada ,12:24 PM,Tithi - None,None,Nakshatra - Uttara Bhadrapada ,1:45 AM,Nakshatra - None,None,Yoga - Ganda ,10:15 PM,Yoga - None,None,Karana - Kaulava ,12:24 PM,Karana - Taitila ,1:31 AM,Karana - None,None,
Tithi - Dwitiya ,2:35 PM,Tithi - None,None,Nakshatra - Revati ,4:23 AM,Nakshatra - None,None,Yoga - Vriddhi ,10:55 PM,Yoga - None,None,Karana - Garaja ,2:35 PM,Karana - Vanija ,3:36 AM,Karana - None,None,
Tithi - Tritiya ,4:33 PM,Tithi - None,None,Nakshatra - Ashwini ,Full Night,Nakshatra - None,None,Yoga - Dhruva ,11:23 PM,Yoga - None,None,Karana - Vishti ,4:33 PM,Karana - Bava ,5:25 AM,Karana - None,None,
Tithi - Chaturthi ,6:12 PM,Tithi - None,None,Nakshatra - Ashwini ,6:45 AM,Nakshatra - None,None,Yoga - Vyaghata ,11:35 PM,Yoga - None,None,Karana - Balava ,6:12 PM,Karana - Kaulava ,Full Night,Karana - None,None,
Tithi - Panchami ,7:26 PM,Tithi - None,None,Nakshatra - Bharani ,8:46 AM,Nakshatra - None,None,Yoga - Harshana ,11:28 PM,Yoga - None,None,Karana - Kaulava ,6:52 AM,Karana - Taitila ,7:26 PM,Karana - None,None,
Tithi - Shashthi ,8:11 PM,Tithi - None,None,Nakshatra - Krittika ,10:21 AM,Nakshatra - None,None,Yoga - Vajra ,10:58 PM,Yoga - None,None,Karana - Garaja ,7:53 AM,Karana - Vanija ,8:11 PM,Karana - None,None,
Tithi - Saptami ,8:21 PM,Tithi - None,None,Nakshatra - Rohini ,11:23 AM,Nakshatra - None,None,Yoga - Siddhi ,9:58 PM,Yoga - None,None,Karana - Vishti ,8:21 AM,Karana - Bava ,8:21 PM,Karana - None,None,
Tithi - Ashtami ,7:50 PM,Tithi - None,None,Nakshatra - Mrigashirsha ,11:47 AM,Nakshatra - None,None,Yoga - Vyatipata ,8:27 PM,Yoga - None,None,Karana - Balava ,8:11 AM,Karana - Kaulava,7:50 PM,Karana - None,None,
Tithi - Navami ,6:37 PM,Tithi - None,None,Nakshatra - Ardra ,11:30 AM,Nakshatra - None,None,Yoga - Varigha ,6:22 PM,Yoga - None,None,Karana - Taitila ,7:19 AM,Karana - Garaja ,6:37 PM,Karana - Vanija ,5:45 AM,
Tithi - Dashami ,4:42 PM,Tithi - None,None,Nakshatra - Punarvasu ,10:32 AM,Nakshatra - None,None,Yoga - Parigha ,3:44 PM,Yoga - None,None,Karana - Vishti ,4:42 PM,Karana - Bava upto,3:30 AM,Karana - None,None,
Tithi - Ekadashi ,2:09 PM,Tithi - None,None,Nakshatra - Pushya ,8:54 AM,Nakshatra - None,None,Yoga - Shiva ,12:33 PM,Yoga - None,None,Karana - Balava ,2:09 PM,Karana - Kaulava ,12:39 AM,Karana - None,None,
Tithi - Dwadashi ,11:03 AM,Tithi - None,None,Nakshatra - Ashlesha ,6:41 AM,Nakshatra - Magha ,4:02 AM,Yoga - Siddha ,8:55 AM,Yoga - Sadhya ,4:55 AM,Karana - Taitila ,11:03 AM,Karana - Garaja,9:20 PM,Karana - None,None,
Tithi - Trayodashi ,7:32 AM,Tithi - Chaturdashi ,3:46 AM,Nakshatra - Purva Phalguni ,1:05 AM,Nakshatra - None,None,Yoga - Shubha ,12:42 AM,Yoga - None,None,Karana - Vanija ,7:32 AM,Karana - Vishti ,5:40 PM,Karana - Shakuni ,3:46 AM,
Tithi - Amavasya ,11:56 PM,Tithi - None,None,Nakshatra - Uttara Phalguni ,10:03 PM,Nakshatra - None,None,Yoga - Shukla ,8:24 PM,Yoga - None,None,Karana - Chatushpada ,1:51 PM,Karana - Nagava,11:56 PM,Karana - None,None,
Tithi - Pratipada ,8:14 PM,Tithi - None,None,Nakshatra - Hasta ,7:08 PM,Nakshatra - None,None,Yoga - Brahma ,4:10 PM,Yoga - None,None,Karana - Kinstughna ,10:03 AM,Karana - Bava ,8:14 PM,Karana - Balava ,6:28 AM,
Tithi - Dwitiya ,4:49 PM,Tithi - None,None,Nakshatra - Chitra ,4:30 PM,Nakshatra - None,None,Yoga - Indra ,12:10 PM,Yoga - None,None,Karana - Kaulava ,4:49 PM,Karana - Taitila ,3:18 AM,Karana - None,None,
Tithi - Tritiya ,1:55 PM,Tithi - None,None,Nakshatra - Swati ,2:22 PM,Nakshatra - None,None,Yoga - Vaidhriti ,8:33 AM,Yoga - Vishkambha ,5:25 AM,Karana - Garaja ,1:55 PM,Karana - Vanija ,12:42 AM,,,
Tithi - Chaturthi ,11:40 AM,Tithi - None,None,Nakshatra - Vishakha ,12:53 PM,Nakshatra - None,None,Yoga - Priti ,2:55 AM,Yoga - None,None,Karana - Vishti ,11:40 AM,Karana - Bava ,10:49 PM,Karana - None,None,
Tithi - Panchami ,10:12 AM,Tithi - None,None,Nakshatra - Anuradha ,12:11 PM,Nakshatra - None,None,Yoga - Ayushman ,1:04 AM,Yoga - None,None,Karana - Balava ,10:12 AM,Karana - Kaulava ,9:47 PM,Karana - None,None,
Tithi - Shashthi ,9:35 AM,Tithi - None,None,Nakshatra - Jyeshtha ,12:20 PM,Nakshatra - None,None,Yoga - Saubhagya ,11:56 PM,Yoga - None,None,Karana - Taitila ,9:35 AM,Karana - Garaja ,9:37 PM,Karana - None,None,
Tithi - Saptami ,9:51 AM,Tithi - None,None,Nakshatra - Mula ,1:20 PM,Nakshatra - None,None,Yoga - Shobhana ,11:26 PM,Yoga - None,None,Karana - Vanija ,9:51 AM,Karana - Vishti ,10:17 PM,Karana - None,None,
Tithi - Ashtami ,10:54 AM,Tithi - None,None,Nakshatra - Purva Ashadha ,3:05 PM,Nakshatra - None,None,Yoga - Atiganda ,11:29 PM,Yoga - None,None,Karana - Bava ,10:54 AM,Karana - Balava ,11:42 PM,Karana - None,None,
Tithi - Navami ,12:38 PM,Tithi - None,None,Nakshatra - Uttara Ashadha ,5:26 PM,Nakshatra - None,None,Yoga - Sukarman ,12:00 PM,Yoga - None,None,Karana - Kaulava ,12:38 PM,Karana - Taitila ,1:41 AM,Karana - None,None,
Tithi - Dashami ,2:50 PM,Tithi - None,None,Nakshatra - Shravana ,8:13 PM,Nakshatra - None,None,Yoga - Dhriti ,12:47 AM,Yoga - None,None,Karana - Garaja ,2:50 PM,Karana - Vanija,4:03 AM,Karana - None,None,
Tithi - Ekadashi ,5:19 PM,Tithi - None,None,Nakshatra - Dhanishtha ,11:13 PM,Nakshatra - None,None,Yoga - Shula ,1:43 AM,Yoga - None,None,Karana - Vishti ,5:19 PM,Karana - Bava ,Full Night,Karana - None,None,
Tithi - Dwadashi ,7:52 PM,Tithi - None,None,Nakshatra - Shatabhisha ,2:15 AM,Nakshatra - None,None,Yoga - Ganda ,2:40 AM,Yoga - None,None,Karana - Bava ,6:35 AM,Karana -Balava ,7:52 PM,Karana - None,None,
Tithi - Trayodashi ,10:20 PM,Tithi - None,None,Nakshatra - Purva Bhadrapada ,5:10 AM,Nakshatra - None,None,Yoga - Vriddhi ,3:32 AM,Yoga - None,None,Karana - Kaulava ,9:07 AM,Karana - Taitila ,10:20 PM,Karana - None,None,
Tithi - Chaturdashi ,12:36 AM,Tithi - None,None,Nakshatra - Uttara Bhadrapada ,Full Night,Nakshatra - None,None,Yoga - Dhruva ,4:14 AM,Yoga - None,None,Karana - Garaja ,11:30 AM,Karana - Vanija ,12:36 AM,Karana - None,None,
Tithi - Purnima ,2:38 AM,Tithi - None,None,Nakshatra - Uttara Bhadrapada ,7:54 AM,Nakshatra - None,None,Yoga - Vyaghata ,4:44 AM,Yoga - None,None,Karana - Vishti ,1:39 PM,Karana - Bava ,2:38 AM,Karana - None,None,
Tithi - Pratipada ,4:21 AM,Tithi - None,None,Nakshatra - Revati ,10:21 AM,Nakshatra - None,None,Yoga - Harshana ,5:00 AM,Yoga - None,None,Karana - Balava ,3:32 PM,Karana - Kaulava ,4:21 AM,Karana - None,None,
Tithi - Dwitiya ,5:45 AM,Tithi - None,None,Nakshatra - Ashwini ,12:31 PM,Nakshatra - None,None,Yoga - Vajra ,5:02 AM,Yoga - None,None,Karana - Taitila ,5:05 PM,Karana - Garaja,5:45 AM,Karana - None,None,
Tithi - Tritiya ,Full Night,Tithi - None,None,Nakshatra - Bharani ,2:22 PM,Nakshatra - None,None,Yoga - Siddhi ,4:48 AM,Yoga - None,None,Karana - Vanija ,6:19 PM,Karana - Vishti ,Full Night,Karana - None,None,
Tithi - Tritiya ,6:48 AM,Tithi - None,None,Nakshatra - Krittika ,3:53 PM,Nakshatra - None,None,"Yoga - Vyatipata upto0""",4:16 AM,Yoga - None,None,Karana - Vishti ,6:48 AM,Karana - Bava ,7:12 PM,Karana - None,None,
Tithi - Chaturthi ,7:29 AM,Tithi - None,None,Nakshatra - Rohini ,5:00 PM,Nakshatra - None,None,"Yoga - Varigha upto0""",3:24 AM,Yoga - None,None,Karana - Balava ,7:29 AM,Karana - Kaulava ,7:40 PM,Karana - None,None,
Tithi - Panchami ,7:44 AM,Tithi - None,None,Nakshatra - Mrigashirsha ,5:41 PM,Nakshatra - None,None,Yoga - Parigha ,2:11 AM,Yoga - None,None,Karana - Taitila ,7:44 AM,Karana - Garaja ,7:41 PM,Karana - None,None,
Tithi - Shashthi ,7:30 AM,Tithi - None,None,Nakshatra - Ardra ,5:53 PM,Nakshatra - None,None,"Yoga - Shiva """,12:33AM,Yoga - None,None,Karana - Vanija ,7:30 AM,Karana - Vishti ,7:11 PM,Karana - None,None,
Tithi - Saptami ,6:44 AM,Tithi - Ashtami ,5:25 AM,Nakshatra - Punarvasu ,5:33 PM,Nakshatra - None,None,Yoga - Siddha ,10:28 PM,Yoga - None,None,Karana - Bava ,6:44 AM,Karana - Balava ,6:09 PM,Karana - Kaulava ,5:25 AM,
Tithi - Navami ,3:33 AM,Tithi - None,None,Nakshatra - Pushya ,4:40 PM,Nakshatra - None,None,Yoga - Sadhya ,7:57 PM,Yoga - None,None,Karana - Taitila ,4:33 PM,Karana - Garaja ,3:33 AM,Karana - None,None,
Tithi - Dashami ,1:09 AM,Tithi - None,None,Nakshatra - Ashlesha ,3:14 PM,Nakshatra - None,None,Yoga - Shubha ,4:59 PM,Yoga - None,None,Karana - Vanija ,2:25 PM,Karana - Vishti ,1:09 AM,Karana - None,None,
Tithi - Ekadashi ,10:19 PM,Tithi - None,None,Nakshatra - Magha ,1:19 PM,Nakshatra - None,None,Yoga - Shukla ,1:38 PM,Yoga - None,None,Karana - Bava ,11:47 AM,Karana - Balava ,10:19 PM,Karana - None,None,
Tithi - Dwadashi ,7:08 PM,Tithi - None,None,Nakshatra - Purva Phalguni ,11:01 AM,Nakshatra - None,None,Yoga - Brahma ,9:58 AM,Yoga - Indra ,6:05 AM,Karana - Kaulava ,8:45 AM,Karana - Taitila ,7:08 PM,Karana - Garaja ,5:28 AM,
Tithi - Trayodashi ,3:46 PM,Tithi - None,None,Nakshatra - Uttara Phalguni ,8:28 AM,Nakshatra - Hasta ,5:50 AM,Yoga - Vaidhriti ,2:07 AM,Yoga - None,None,Karana - Vanija ,3:46 PM,Karana - Vishti upto,2:04 AM,Karana - None,None,
Tithi - Chaturdashi ,12:23 PM,Tithi - None,None,Nakshatra - Chitra ,3:17 AM,Nakshatra - None,None,Yoga - Vishkambha ,10:12 PM,Yoga - None,None,Karana - Shakuni ,12:23 PM,Karana - Chatushpada ,10:44 PM,Karana - None,None,
Tithi - Amavasya ,9:08 AM,Tithi - Pratipada ,6:13 AM,Nakshatra - Swati ,1:01 AM,Nakshatra - None,None,Yoga - Priti ,6:28 PM,Yoga - None,None,Karana - Nagava,9:08 AM,Karana - Kinstughna ,7:38 PM,Karana - Bava ,6:13 AM,
Tithi - Dwitiya ,3:48 AM,Tithi - None,None,Nakshatra - Vishakha ,11:12 PM,Nakshatra - None,None,Yoga - Ayushman ,3:04 PM,Yoga - None,None,Karana - Balava ,4:56 PM,Karana - Kaulava ,3:48 AM,Karana - None,None,
Tithi - Tritiya ,2:01 AM,Tithi - None,None,Nakshatra - Anuradha ,10:00 PM,Nakshatra - None,None,Yoga - Saubhagya ,12:07 PM,Yoga - None,None,Karana - Taitila ,2:49 PM,Karana - Garaja upto,2:01 AM,Karana - None,None,
Tithi - Chaturthi ,1:01 AM,Tithi - None,None,Nakshatra - Jyeshtha ,9:32 PM,Nakshatra - None,None,Yoga - Shobhana ,9:44 AM,Yoga - None,None,Karana - Vanija ,1:25 PM,Karana - Vishti ,1:01 AM,Karana - None,None,
Tithi - Panchami ,12:51 AM,Tithi - None,None,Nakshatra - Mula ,9:53 PM,Nakshatra - None,None,Yoga - Atiganda ,7:59 AM,Yoga - None,None,Karana - Bava ,12:50 PM,Karana - Balava upto,12:51AM,Karana - None,None,
Tithi - Shashthi ,1:31 AM,Tithi - None,None,Nakshatra - Purva Ashadha ,11:02 PM,Nakshatra - None,None,Yoga - Sukarman ,6:53 AM,Yoga - Dhriti ,6:25 AM,Karana - Kaulava ,1:05 PM,Karana - Taitila ,1:31 AM,Karana - None,None,
Tithi - Saptami ,2:56 AM,Tithi - None,None,Nakshatra - Uttara Ashadha ,12:56 AM,Nakshatra - None,None,Yoga - Shula ,6:31 AM,Yoga - None,None,Karana - Garaja ,2:08 PM,Karana - Vanija ,2:56 AM,Karana - None,None,
Tithi - Ashtami ,4:57 AM,Tithi - None,None,Nakshatra - Shravana ,3:24 AM,Nakshatra - None,None,Yoga - Ganda ,Full Night,Yoga - None,None,Karana - Vishti ,3:53 PM,Karana - Bava ,4:57 AM,Karana - None,None,
Tithi - Navami ,Full Night,Tithi - None,None,Nakshatra - Dhanishtha ,6:16 AM,Nakshatra - None,None,Yoga - Ganda ,7:02 AM,Yoga - None,None,Karana - Balava ,6:07 PM,Karana - Kaulava ,Full Night,Karana - None,None,
Tithi - Navami ,7:21 AM,Tithi - None,None,Nakshatra - Shatabhisha ,Full Night,Nakshatra - None,None,Yoga - Vriddhi ,7:50 AM,Yoga - None,None,Karana - Kaulava ,7:21 AM,Karana - Taitila ,8:38 PM,Karana - None,None,
Tithi - Dashami ,9:55 AM,Tithi - None,None,Nakshatra - Shatabhisha ,9:16 AM,Nakshatra - None,None,Yoga - Dhruva ,8:44 AM,Yoga - None,None,Karana - Garaja ,9:55 AM,Karana - Vanija ,11:11 PM,Karana - None,None,
Tithi - Ekadashi ,12:24 PM,Tithi - None,None,Nakshatra - Purva Bhadrapada ,12:13 PM,Nakshatra - None,None,Yoga - Vyaghata ,9:35 AM,Yoga - None,None,Karana - Vishti ,12:24 PM,Karana - Bava ,1:34 AM,Karana - None,None,
Tithi - Dwadashi ,2:39 PM,Tithi - None,None,Nakshatra - Uttara Bhadrapada ,2:57 PM,Nakshatra - None,None,Yoga - Harshana ,10:17 AM,Yoga - None,None,Karana - Balava ,2:39 PM,Karana - Kaulava ,3:39 AM,Karana - None,None,
Tithi - Trayodashi ,4:33 PM,Tithi - None,None,Nakshatra - Revati ,5:20 PM,Nakshatra - None,None,Yoga - Vajra ,10:43 AM,Yoga - None,None,Karana - Taitila ,4:33 PM,Karana - Garaja ,5:21 AM,Karana - None,None,
Tithi - Chaturdashi ,6:02 PM,Tithi - None,None,Nakshatra - Ashwini ,7:18 PM,Nakshatra - None,None,Yoga - Siddhi ,10:50 AM,Yoga - None,None,Karana - Vanija ,6:02 PM,Karana - Vishti ,6:36 AM,Karana - None,None,
Tithi - Purnima ,7:04 PM,Tithi - None,None,Nakshatra - Bharani ,8:52 PM,Nakshatra - None,None,Yoga - Vyatipata,10:38 AM,Yoga - None,None,Karana - Bava ,7:04 PM,Karana - Balava ,Full Night,Karana - None,None,
Tithi - Pratipada ,7:42 PM,Tithi - None,None,Nakshatra - Krittika ,10:02 PM,Nakshatra - None,None,Yoga - Varigha ,10:06 AM,Yoga - None,None,Karana - Balava ,7:26 AM,Karana - Kaulava ,7:42 PM,Karana - None,None,
Tithi - Dwitiya ,7:55 PM,Tithi - None,None,Nakshatra - Rohini ,10:48 PM,Nakshatra - None,None,Yoga - Parigha ,9:15 AM,Yoga - None,None,Karana - Taitila ,7:51 AM,Karana - Garaja ,7:55 PM,Karana - None,None,
Tithi - Tritiya ,7:46 PM,Tithi - None,None,Nakshatra - Mrigashirsha ,11:13 PM,Nakshatra - None,None,Yoga - Shiva ,8:06 AM,Yoga - Siddha ,6:40 AM,Karana - Vanija ,7:53 AM,Karana - Vishti ,7:46 PM,Karana - None,None,
Tithi - Chaturthi ,7:15 PM,Tithi - None,None,Nakshatra - Ardra ,11:17 PM,Nakshatra - None,None,Yoga - Sadhya ,4:57 AM,Yoga - None,None,Karana - Bava ,7:33 AM,Karana - Balava ,7:15 PM,Karana - None,None,
Tithi - Panchami ,6:23 PM,Tithi - None,None,Nakshatra - Punarvasu ,11:00 PM,Nakshatra - None,None,Yoga - Shubha ,2:58 AM,Yoga - None,None,Karana - Kaulava ,6:52 AM,Karana - Taitila,6:23 PM,Karana - Garaja ,5:49 AM,
Tithi - Shashthi ,5:10 PM,Tithi - None,None,Nakshatra - Pushya ,10:22 PM,Nakshatra - None,None,Yoga - Shukla ,12:41 AM,Yoga - None,None,Karana - Vanija ,5:10 PM,"Karana - Vishti upto0""",4:25 AM,Karana - None,None,
Tithi - Saptami ,3:35 PM,Tithi - None,None,Nakshatra - Ashlesha ,9:23 PM,Nakshatra - None,None,Yoga - Brahma ,10:08 PM,Yoga - None,None,Karana - Bava ,3:35 PM,Karana - Balava ,2:41 AM,Karana - None,None,
Tithi - Ashtami ,1:41 PM,Tithi - None,None,Nakshatra - Magha ,8:05 PM,Nakshatra - None,None,Yoga - Indra ,7:19 PM,Yoga - None,None,Karana - Kaulava ,1:41 PM,"Karana - Taitila upto1""",2:37 AM,Karana - None,None,
Tithi - Navami ,11:29 AM,Tithi - None,None,Nakshatra - Purva Phalguni ,6:30 PM,Nakshatra - None,None,Yoga - Vaidhriti ,4:16 PM,Yoga - None,None,Karana - Garaja ,11:29 AM,Karana - Vanija ,10:16 PM,Karana - None,None,
Tithi - Dashami ,9:01 AM,Tithi - Ekadashi ,6:24 AM,Nakshatra - Uttara Phalguni ,4:42 PM,Nakshatra - None,None,Yoga - Vishkambha ,1:02 PM,Yoga - None,None,Karana - Vishti ,9:01 AM,Karana - Bava ,7:43 PM,Karana - Balava ,6:24 AM,
Tithi - Dwadashi ,3:43 AM,Tithi - None,None,Nakshatra - Hasta ,2:46 PM,Nakshatra - None,None,Yoga - Priti ,9:40 AM,Yoga - Ayushman ,6:16 AM,Karana - Kaulava ,5:04 PM,Karana - Taitila ,3:43 AM,Karana - None,None,
Tithi - Trayodashi ,1:06 AM,Tithi - None,None,Nakshatra - Chitra ,12:48PM,Nakshatra - None,None,Yoga - Saubhagya ,2:56 AM,Yoga - None,None,Karana - Garaja ,2:23 PM,Karana - Vanija ,1:06 AM,Karana - None,None,
Tithi - Chaturdashi ,10:40 PM,Tithi - None,None,Nakshatra - Swati ,10:58 AM,Nakshatra - None,None,Yoga - Shobhana ,11:46 PM,Yoga - None,None,Karana - Vishti ,11:51 AM,Karana - Shakuni,10:40 PM,Karana - None,None,
Tithi - Amavasya ,8:35 PM,Tithi - None,None,Nakshatra - Vishakha ,9:24 AM,Nakshatra - None,None,Yoga - Atiganda ,8:53 PM,Yoga - None,None,Karana - Chatushpada ,9:35 AM,Karana - Nagava ,8:35 PM,Karana - None,None,
Tithi - Pratipada ,6:59 PM,Tithi - None,None,Nakshatra - Anuradha ,8:13 AM,Nakshatra - None,None,Yoga - Sukarman ,6:23 PM,Yoga - None,None,Karana - Kinstughna ,7:43 AM,Karana - Bava ,6:59 PM,Karana - Balava ,6:24 AM,
Tithi - Dwitiya ,5:59 PM,Tithi - None,None,Nakshatra - Jyeshtha ,7:35 AM,Nakshatra - None,None,Yoga - Dhriti ,4:20 PM,Yoga - None,None,Karana - Kaulava ,5:59 PM,Karana - Taitila ,5:44 AM,Karana - None,None,
Tithi - Tritiya ,5:40 PM,Tithi - None,None,Nakshatra - Mula ,7:35 AM,Nakshatra - None,None,Yoga - Shula,2:51 PM,Yoga - None,None,Karana - Garaja ,5:40 PM,Karana - Vanija ,5:47 AM,Karana - None,None,
Tithi - Chaturthi ,6:05 PM,Tithi - None,None,Nakshatra - Purva Ashadha ,8:17 AM,Nakshatra - None,None,Yoga - Ganda ,1:55 PM,Yoga - None,None,Karana - Vishti ,6:05 PM,Karana - Bava ,6:34 AM,Karana - None,None,
Tithi - Panchami ,7:13 PM,Tithi - None,None,Nakshatra - Uttara Ashadha ,9:41 AM,Nakshatra - None,None,Yoga - Vriddhi ,1:32 PM,Yoga - None,None,Karana - Balava ,7:13 PM,Karana - Kaulava,Full Night,Karana - None,None,
Tithi - Shashthi ,8:59 PM,Tithi - None,None,Nakshatra - Shravana ,11:44 AM,Nakshatra - None,None,Yoga - Dhruva ,1:39 PM,Yoga - None,None,Karana - Kaulava ,8:02 AM,Karana - Taitila ,8:59 PM,Karana - None,None,
Tithi - Saptami ,11:14 PM,Tithi - None,None,Nakshatra - Dhanishtha ,2:18 PM,Nakshatra - None,None,Yoga - Vyaghata ,2:10 PM,Yoga - None,None,Karana - Garaja ,10:04 AM,Karana -Vanija ,11:14 PM,Karana - None,None,
Tithi - Ashtami ,1:44 AM,Tithi - None,None,Nakshatra - Shatabhisha ,5:10 PM,Nakshatra - None,None,Yoga - Harshana ,2:55 PM,Yoga - None,None,Karana - Vishti ,12:28 PM,Karana - Bava ,1:44 AM,Karana - None,None,
Tithi - Navami ,4:15 AM,Tithi - None,None,Nakshatra - Purva Bhadrapada ,8:08 PM,Nakshatra - None,None,Yoga - Vajra ,3:46 PM,Yoga - None,None,Karana - Balava ,3:00 PM,Karana - Kaulava ,4:15 AM,Karana - None,None,
Tithi - Dashami ,6:34 AM,Tithi - None,None,Nakshatra - Uttara Bhadrapada ,10:58 PM,Nakshatra - None,None,Yoga - Siddhi ,4:32 PM,Yoga - None,None,Karana - Taitila ,5:27 PM,Karana - Garaja ,6:34 AM,Karana - None,None,
Tithi - Ekadashi ,Full Night,Tithi - None,None,Nakshatra - Revati ,1:29 AM,Nakshatra - None,None,Yoga - Vyatipata ,5:05 PM,Yoga - None,None,Karana - Vanija ,7:35 PM,Karana - Vishti ,Full Night,Karana - None,None,
Tithi - Ekadashi ,8:29 AM,Tithi - None,None,Nakshatra - Ashwini ,3:31 AM,Nakshatra - None,None,Yoga - Varigha ,5:18 PM,Yoga - None,None,Karana - Vishti ,8:29 AM,Karana - Bava ,9:16 PM,Karana - None,None,
Tithi - Dwadashi ,9:54 AM,Tithi - None,None,Nakshatra - Bharani ,5:02 AM,Nakshatra - None,None,Yoga - Parigha ,5:05 PM,Yoga - None,None,Karana - Balava ,9:54 AM,Karana - Kaulava ,10:23 PM,Karana - None,None,
Tithi - Trayodashi ,10:44 AM,Tithi - None,None,Nakshatra - Krittika ,5:58 AM,Nakshatra - None,None,Yoga - Shiva ,4:27 PM,Yoga - None,None,Karana - Taitila ,10:44 AM,Karana - Garaja ,10:56 PM,Karana - None,None,
Tithi - Chaturdashi ,10:59 AM,Tithi - None,None,Nakshatra - Rohini ,6:23 AM,Nakshatra - None,None,Yoga - Siddha ,3:22 PM,Yoga - None,None,Karana - Vanija ,10:59 AM,Karana - Vishti ,10:54 PM,Karana - None,None,
Tithi - Purnima ,10:42 AM,Tithi - None,None,Nakshatra - Mrigashirsha ,6:19 AM,Nakshatra - None,None,Yoga - Sadhya ,1:52 PM,Yoga - None,None,Karana - Bava ,10:42 AM,Karana - Balava ,10:23 PM,Karana - None,None,
Tithi - Pratipada ,9:57 AM,Tithi - None,None,Nakshatra - Ardra ,5:51 AM,Nakshatra - None,None,Yoga - Shubha ,12:01 PM,Yoga - None,None,Karana - Kaulava ,9:57 AM,Karana - Taitila ,9:24 PM,Karana - None,None,
Tithi - Dwitiya ,8:47 AM,Tithi - None,None,Nakshatra - Punarvasu ,5:04 AM,Nakshatra - None,None,Yoga - Shukla ,9:51 AM,Yoga - None,None,Karana - Garaja ,8:47 AM,Karana - Vanija ,8:05 PM,Karana - None,None,
Tithi - Tritiya ,7:18 AM,Tithi - Chaturthi ,5:34 AM,Nakshatra - Pushya ,4:02 AM,Nakshatra - None,None,Yoga - Brahma ,7:26 AM,Yoga - Indra ,4:49 AM,Karana - Vishti ,7:18 AM,Karana - Bava ,6:28 PM,Karana - Balava ,5:34 AM,
Tithi - Panchami ,3:40 AM,Tithi - None,None,Nakshatra - Ashlesha ,2:48 AM,Nakshatra - None,None,Yoga - Vaidhriti ,2:03 AM,Yoga - None,None,Karana - Kaulava ,4:38 PM,Karana - Taitila ,3:40 AM,Karana - None,None,
Tithi - Shashthi ,1:38 AM,Tithi - None,None,Nakshatra - Magha ,1:27 AM,Nakshatra - None,None,Yoga - Vishkambha ,11:11 PM,Yoga - None,None,Karana - Garaja ,2:39 PM,Karana - Vanija ,1:38 AM,Karana - None,None,
Tithi - Saptami ,11:31 PM,Tithi - None,None,Nakshatra - Purva Phalguni ,12:01 AM,Nakshatra - None,None,Yoga - Priti ,8:15 PM,Yoga - None,None,Karana - Vishti ,12:35 PM,Karana - Bava ,11:31 PM,Karana - None,None,
Tithi - Ashtami ,9:23 PM,Tithi - None,None,Nakshatra - Uttara Phalguni ,10:35 PM,Nakshatra - None,None,Yoga - Ayushman ,5:18 PM,Yoga - None,None,Karana - Balava ,10:27 AM,Karana - Kaulava ,9:23 PM,Karana - None,None,
Tithi - Navami ,7:17 PM,Tithi - None,None,Nakshatra - Hasta ,9:10 PM,Nakshatra - None,None,Yoga - Saubhagya ,2:21 PM,Yoga - None,None,Karana - Taitila ,8:19 AM,Karana - Garaja ,7:17 PM,Karana - Vanija ,6:15 AM,
Tithi - Dashami ,5:15 PM,Tithi - None,None,Nakshatra - Chitra ,7:50 PM,Nakshatra - None,None,Yoga - Shobhana ,11:28 AM,Yoga - None,None,Karana - Vishti ,5:15 PM,Karana - Bava ,4:17 AM,Karana - None,None,
Tithi - Ekadashi ,3:22 PM,Tithi - None,None,Nakshatra - Swati ,6:39 PM,Nakshatra - None,None,Yoga - Atiganda ,8:41 AM,Yoga - Sukarman ,6:03 AM,Karana - Balava ,3:22 PM,Karana - Kaulava ,2:30 AM,Karana - None,None,
Tithi - Dwadashi ,1:42 PM,Tithi - None,None,Nakshatra - Vishakha ,5:40 PM,Nakshatra - None,None,Yoga - Dhriti ,3:37 AM,Yoga - None,None,Karana - Taitila ,1:42 PM,Karana - Garaja ,12:58 AM,Karana - None,None,
Tithi - Trayodashi ,12:19 PM,Tithi - None,None,Nakshatra - Anuradha ,5:00 PM,Nakshatra - None,None,Yoga - Shula ,1:26 AM,Yoga - None,None,Karana - Vanija ,12:19 PM,Karana - Vishti ,11:45 PM,Karana - None,None,
Tithi - Chaturdashi ,11:17 AM,Tithi - None,None,Nakshatra - Jyeshtha ,4:42 PM,Nakshatra - None,None,Yoga - Ganda ,11:36 PM,Yoga - None,None,Karana - Shakuni ,11:17 AM,Karana - Chatushpada ,10:57 PM,Karana - None,None,
Tithi - Amavasya ,10:43 AM,Tithi - None,None,Nakshatra - Mula ,4:51 PM,Nakshatra - None,None,Yoga - Vriddhi ,10:08 PM,Yoga - None,None,Karana - Nagava ,10:43 AM,Karana - Kinstughna ,10:37 PM,Karana - None,None,
Tithi - Pratipada ,10:39 AM,Tithi - None,None,Nakshatra - Purva Ashadha ,5:31 PM,Nakshatra - None,None,Yoga - Dhruva,9:05 PM,Yoga - None,None,Karana - Bava ,10:39 AM,Karana - Balava ,10:50 PM,Karana - None,None,
Tithi - Dwitiya ,11:10 AM,Tithi - None,None,Nakshatra - Uttara Ashadha ,6:44 PM,Nakshatra - None,None,Yoga - Vyaghata,8:28 PM,Yoga - None,None,Karana - Kaulava ,11:10 AM,Karana - Taitila ,11:38 PM,Karana - None,None,
Tithi - Tritiya ,12:16 PM,Tithi - None,None,Nakshatra - Shravana ,8:31 PM,Nakshatra - None,None,Yoga - Harshana ,8:18 PM,Yoga - None,None,Karana - Garaja ,12:16 PM,Karana - Vanija ,1:01 AM,Karana - None,None,
Tithi - Chaturthi ,1:55 PM,Tithi - None,None,Nakshatra - Dhanishtha ,10:48 PM,Nakshatra - None,None,Yoga - Vajra ,8:33 PM,Yoga - None,None,Karana - Vishti ,1:55 PM,Karana - Bava ,2:55 AM,Karana - None,None,
Tithi - Panchami ,4:01 PM,Tithi - None,None,Nakshatra - Shatabhisha ,1:29 AM,Nakshatra - None,None,Yoga -Siddhi ,9:06 PM,Yoga - None,None,Karana - Balava ,4:01 PM,Karana - Kaulava ,5:13 AM,Karana - None,None,